"URL","Type","Code","Status","Size","Response Time","X-Robots-Tag","Vary","Redirect to Final URL","# Redirects","# Link Headers"
"https://convert.files/%20%20%20%20%20%20%20%20%20%20%20%20%20%20%20%20%20%20%20%20%20%20%20%200Redirect%20%20%20%20%20%20%20%20%20%20%20%20%20%20%20%20%20%20%20%20%20%20%20%20%20%20%20%20%20Resolved","","","Name Not Resolved","","","","","","0","0"
"https://pdfalpha.com/%20%20%20%20%20%20%20%20%20%20%20%20%20%20%20%20%20%20%20%20%20%20%20%20%200Redirect%20%20%20%20%20%20%20%20%20%20%20%20%20%20%20%20%20%20%20%20%20%20%20%20%20%20%20%20%20Resolved","","","Name Not Resolved","","","","","","0","0"
"https://epub-converter.com/%20%20%20%20%20%20%20%20%20%20%20%20%20%20%20%20%20%20%200Redirect%20%20%20%20%20%20%20%20%20%20%20%20%20%20%20%20%20%20%20%20%20%20%20%20%20%20%20%20%20Resolved","","","Name Not Resolved","","","","","","0","0"
"https://reddit.com/r/writing%20%20%20%20%20%20%20%20%20%20%20%20%20%20%20%20%200Redirecttext/html%20%20%20%20%20%20%20%20%20%20%20%20%20%20%20%20%20%20403Blocked","text/html","403","Blocked","1486","0.18","","","","0","0"
"https://qz.com/%20%20%20%20%20%20%20%20%20%20%20%20%20%20%20%20%20%20%20%20%20%20%20%20%20%20%20%20%20%200Redirectcharset=UTF-8%20%20%20%20%20%20%20%20%20%20%20%20%20%20403Forbidden","text/html; charset=UTF-8","403","Forbidden","","0.22","","","","0","0"
"https://cloudconvert.com/%20%20%20%20%20%20%20%20%20%20%20%20%20%20%20%20%20%20%20%20%200Redirecttext/html;%20charset=utf-8%20200OK","text/html; charset=utf-8","404","Not Found","16624","0.24","","","","0","0"
"https://onlinefontconverter.com/%20%20%20%20%20%20%20%20%20%20%20%20%20%200Redirectcharset=UTF-8%20%20%20%20%20%20%20%20%20%20%20%20%20530%3Cnone%3E","text/plain; charset=UTF-8","530","<none>","16","0.25","","","","0","0"
"https://fastcompany.com/%20%20%20%20%20%20%20%20%20%20%20%20%20%20%20%20%20%20%20%20%200Redirecttext/html;charset=utf-8%20%20%20%20403Forbidden","text/html;charset=utf-8","403","Forbidden","775","0.25","","","","0","0"
"https://online-audio-converter.com/%20%20%20%20%20%20%20%20%20%20%200Redirectcharset=UTF-8%20%20%20%20%20%20%20%20%20%20%20%20%20200OK","text/html; charset=UTF-8","404","Not Found","","0.27","","[accept-encoding]","","0","0"
"https://y2mate.is/%20%20%20%20%20%20%20%20%20%20%20%20%20%20%20%20%20%20%20%20%20%20%20%20%20%20%20%201Redirecttext/html;%20charset=utf-8%20301Permanently%20%20%20%20%20https://en1.y2mate.is/x213/","text/html; charset=UTF-8","404","Not Found","","0.28","","[Accept-Encoding]","","0","0"
"https://smallpdf.com/%20%20%20%20%20%20%20%20%20%20%20%20%20%20%20%20%20%20%20%20%20%20%20%20%200Redirecttext/html;%20charset=utf-8%20200OK","text/html; charset=utf-8","404","Not Found","264306","0.28","","","","0","0"
"https://inc.com/%20%20%20%20%20%20%20%20%20%20%20%20%20%20%20%20%20%20%20%20%20%20%20%20%20%20%20%20%200Redirecttext/html;charset=utf-8%20%20%20%20403Forbidden","text/html;charset=utf-8","403","Forbidden","767","0.28","","[Accept-Encoding, mv-device-type]","","0","0"
"https://pdfresizer.com/%20%20%20%20%20%20%20%20%20%20%20%20%20%20%20%20%20%20%20%20%20%20%200Redirectcharset=UTF-8%20%20%20%20%20%20%20%20%20%20%20%20%20200OK","text/html; charset=UTF-8","404","Not Found","","0.33","","[Accept-Encoding]","","0","0"
"https://convertio.co/%20%20%20%20%20%20%20%20%20%20%20%20%20%20%20%20%20%20%20%20%20%20%20%20%200Redirectcharset=UTF-8%20%20%20%20%20%20%20%20%20%20%20%20%20200OK","text/html; charset=UTF-8","404","Not Found","","0.33","","","","0","0"
"https://google.com/%20%20%20%20%20%20%20%20%20%20%20%20%20%20%20%20%20%20%20%20%20%20%20%20%20%20%201Redirectcharset=UTF-8%20%20%20%20%20%20%20%20%20%20%20%20%20301Permanently%20%20%20%20https://www.google.com/","text/html; charset=UTF-8","404","Not Found","1752","0.33","","","","0","0"
"https://gchq.github.io/CyberChef%20%20%20%20%20%20%20%20%20%20%20%20%201Redirecttext/html%20%20%20%20%20%20%20%20%20%20%20%20%20%20%20%20%20%20301Permanently%20%20%20%20https://gchq.github.io/CyberChef/","text/html; charset=utf-8","404","Not Found","9115","0.33","","[Accept-Encoding]","","0","0"
"https://search.brave.com/%20%20%20%20%20%20%20%20%20%20%20%20%20%20%20%20%20%20%20%20%200Redirecttext/html;%20charset=utf-8%20200OK","text/html; charset=utf-8","404","Not Found","51238","0.35","","","","0","0"
"https://searx.space/%20%20%20%20%20%20%20%20%20%20%20%20%20%20%20%20%20%20%20%20%20%20%20%20%20%200Redirecttext/html;%20charset=utf-8%20200OK","","404","Not Found","0","0.39","","","","0","0"
"https://tools.pdf24.org/%20%20%20%20%20%20%20%20%20%20%20%20%20%20%20%20%20%20%20%20%20%201Redirectcharset=UTF-8%20%20%20%20%20%20%20%20%20%20%20%20%20301Permanently%20%20%20%20https://tools.pdf24.org/en/","text/html; charset=UTF-8","301","Moved Permanently","","0.27","","[Accept-Language]","https://tools.pdf24.org/en/%20%20%20%20%20%20%20%20%20%20%20%20%20%20%20%20%20%20%20%20%20%201Redirectcharset=UTF-8%20%20%20%20%20%20%20%20%20%20%20%20%20301Permanently%20%20%20%20https:/tools.pdf24.org/en/","1","0"
"https://ezgif.com/%20%20%20%20%20%20%20%20%20%20%20%20%20%20%20%20%20%20%20%20%20%20%20%20%20%20%20%200Redirectcharset=UTF-8%20%20%20%20%20%20%20%20%20%20%20%20%20200OK","text/html; charset=UTF-8","302","Found","","0.33","","","https://ezgif.com/","1","0"
"https://pdfaid.com/%20%20%20%20%20%20%20%20%20%20%20%20%20%20%20%20%20%20%20%20%20%20%20%20%20%200Redirecttext/html;%20charset=utf-8%20%20%20200OK","text/html; charset=utf-8","404","Not Found","","0.40","","[rsc, next-router-state-tree, next-router-prefetch, next-router-segment-prefetch, Accept-Encoding]","","0","0"
"https://transfonter.org/%20%20%20%20%20%20%20%20%20%20%20%20%20%20%20%20%20%20%20%20%20%200Redirectcharset=UTF-8%20%20%20%20%20%20%20%20%20%20%20%20%20200OK","text/html; charset=UTF-8","404","Not Found","","0.40","","[Accept-Encoding]","","0","0"
"https://video-converter.com/%20%20%20%20%20%20%20%20%20%20%20%20%20%20%20%20%20%200Redirectcharset=UTF-8%20%20%20%20%20%20%20%20%20%20%20%20%20200OK","text/html; charset=UTF-8","404","Not Found","","0.43","","[accept-encoding]","","0","0"
"https://flipboard.com/%20%20%20%20%20%20%20%20%20%20%20%20%20%20%20%20%20%20%20%20%20%20%200Redirecttext/html%20%20%20%20%20%20%20%20%20%20%20%20%20%20%20%20%20%20403Forbidden","text/html","403","Forbidden","919","0.18","","","","0","0"
"https://sqlizer.io/%20%20%20%20%20%20%20%20%20%20%20%20%20%20%20%20%20%20%20%20%20%20%20%20%20%20%200Redirect%20%20%20%20%20%20%20%20%20%20%20%20%20%20%20%20%20%20%20%20%20%20%20%20%20%20%20%20%20Resolved","","","Name Not Resolved","","","","","","0","0"
"https://medium.com/topics%20%20%20%20%20%20%20%20%20%20%20%20%20%20%20%20%20%20%20%200Redirectcharset=UTF-8%20%20%20%20%20%20%20%20%20%20%20%20%20%20403Forbidden","text/html; charset=UTF-8","403","Forbidden","7157","0.16","","","","0","0"
"https://level.medium.com/%20%20%20%20%20%20%20%20%20%20%20%20%20%20%20%20%20%20%20%200Redirectcharset=UTF-8%20%20%20%20%20%20%20%20%20%20%20%20%20%20403Forbidden","text/html; charset=UTF-8","403","Forbidden","7167","0.15","","","","0","0"
"https://pdf.io/%20%20%20%20%20%20%20%20%20%20%20%20%20%20%20%20%20%20%20%20%20%20%20%20%20%20%20%20%20%20%200Redirectcharset=UTF-8%20%20%20%20%20%20%20%20%20%20%20%20%20200OK","text/html; charset=UTF-8","404","Not Found","","0.45","","[accept-encoding]","","0","0"
"https://sejda.com/%20%20%20%20%20%20%20%20%20%20%20%20%20%20%20%20%20%20%20%20%20%20%20%20%20%20%20%201Redirect%20%20%20%20%20%20%20%20%20%20%20%20%20%20%20%20%20%20%20%20%20%20%20%20%20%20301Permanently%20%20%20%20https://www.sejda.com/","","301","Moved Permanently","0","0.18","","","https://www.sejda.com/%20%20%20%20%20%20%20%20%20%20%20%20%20%20%20%20%20%20%20%20%20%20%20%20%20%20%20%201Redirect%20%20%20%20%20%20%20%20%20%20%20%20%20%20%20%20%20%20%20%20%20%20%20%20%20%20301Permanently%20%20%20%20https:/www.sejda.com/","1","0"
"https://yandex.com/%20%20%20%20%20%20%20%20%20%20%20%20%20%20%20%20%20%20%20%20%20%20%20%20%20%20%200Redirectcharset=UTF-8%20%20%20%20%20%20%20%20%20%20%20%20%20200Ok","text/html; charset=utf-8","404","Not Found","12772","0.48","","","","0","0"
"https://freefileconvert.com/%20%20%20%20%20%20%20%20%20%20%20%20%20%20%20%20%20%200Redirectcharset=UTF-8%20%20%20%20%20%20%20%20%20%20%20%20%20200OK","text/html; charset=UTF-8","404","Not Found","","0.50","","","","0","0"
"https://sodapdf.com/%20%20%20%20%20%20%20%20%20%20%20%20%20%20%20%20%20%20%20%20%20%20%20%20%201Redirect%20%20%20%20%20%20%20%20%20%20%20%20%20%20%20%20%20%20%20%20%20%20%20%20%20%20%20301Permanently%20%20%20%20https://www.sodapdf.com/","","301","Moved Permanently","0","0.19","","","https://www.sodapdf.com/%20%20%20%20%20%20%20%20%20%20%20%20%20%20%20%20%20%20%20%20%20%20%20%20%201Redirect%20%20%20%20%20%20%20%20%20%20%20%20%20%20%20%20%20%20%20%20%20%20%20%20%20%20%20301Permanently%20%20%20%20https:/www.sodapdf.com/","1","0"
"https://convert-video-online.com/%20%20%20%20%20%20%20%20%20%20%20%20%201Redirect%20%20%20%20%20%20%20%20%20%20%20%20%20%20%20%20%20%20%20%20%20%20%20%20%20%20301Permanently%20%20%20%20https://video-converter.com/","","301","Moved Permanently","0","0.20","","","https://video-converter.com/%20%20%20%20%20%20%20%20%20%20%20%20%201Redirect%20%20%20%20%20%20%20%20%20%20%20%20%20%20%20%20%20%20%20%20%20%20%20%20%20%20301Permanently%20%20%20%20https:/video-converter.com/","1","0"
"https://hashnode.com/%20%20%20%20%20%20%20%20%20%20%20%20%20%20%20%20%20%20%20%20%20%20%20%200Redirecttext/html;%20charset=utf-8%20%20%20200OK","text/html; charset=utf-8","404","Not Found","","0.45","","[rsc, next-router-state-tree, next-router-prefetch, next-router-segment-prefetch, Accept-Encoding]","","0","3"
"https://vox.com/%20%20%20%20%20%20%20%20%20%20%20%20%20%20%20%20%20%20%20%20%20%20%20%20%20%20%20%20%201Redirect%20%20%20%20%20%20%20%20%20%20%20%20%20%20%20%20%20%20%20%20%20%20%20%20%20%20%20301Permanently%20%20%20%20https://www.vox.com/","","301","Moved Permanently","0","0.16","","","https://www.vox.com/%20%20%20%20%20%20%20%20%20%20%20%20%20%20%20%20%20%20%20%20%20%20%20%20%20%20%20%20%201Redirect%20%20%20%20%20%20%20%20%20%20%20%20%20%20%20%20%20%20%20%20%20%20%20%20%20%20%20301Permanently%20%20%20%20https://www.vox.com/","1","0"
"https://iloveimg.com/%20%20%20%20%20%20%20%20%20%20%20%20%20%20%20%20%20%20%20%20%20%20%20%20%201Redirecttext/html%20%20%20%20%20%20%20%20%20%20%20%20%20%20%20%20%20301Permanently%20%20%20%20https://www.iloveimg.com/","text/html","301","Moved Permanently","169","0.26","","","https://www.iloveimg.com/%20%20%20%20%20%20%20%20%20%20%20%20%20%20%20%20%20%20%20%20%20%20%20%20%201Redirecttext/html%20%20%20%20%20%20%20%20%20%20%20%20%20%20%20%20%20301Permanently%20%20%20%20https:/www.iloveimg.com","2","0"
"https://duckduckgo.com/%20%20%20%20%20%20%20%20%20%20%20%20%20%20%20%20%20%20%20%20%20%20%200Redirectcharset=UTF-8%20%20%20%20%20%20%20%20%20%20%20%20%20200OK","text/html","302","Moved Temporarily","138","0.40","","","https://duckduckgo.com/?q=%20%20%20%20%20%20%20%20%20%20%20%20%20%20%20%20%20%20%20%20%20%20%200Redirectcharset=UTF-8%20%20%20%20%20%20%20%20%20%20%20%20%20200OK&&rpl=1","1","0"
"https://anyconv.com/%20%20%20%20%20%20%20%20%20%20%20%20%20%20%20%20%20%20%20%20%20%20%20%20%20%200Redirectcharset=UTF-8%20%20%20%20%20%20%20%20%20%20%20%20%20200OK","text/html","301","Moved Permanently","162","0.39","","","https://anyconv.com/                          0Redirectcharset=UTF-8             200OK/","1","0"
"https://theverge.com/%20%20%20%20%20%20%20%20%20%20%20%20%20%20%20%20%20%20%20%20%20%20%20%201Redirect%20%20%20%20%20%20%20%20%20%20%20%20%20%20%20%20%20%20%20%20%20%20%20%20%20%20%20301Permanently%20%20%20%20https://www.theverge.com/","","301","Moved Permanently","0","0.18","","","https://www.theverge.com/%20%20%20%20%20%20%20%20%20%20%20%20%20%20%20%20%20%20%20%20%20%20%20%201Redirect%20%20%20%20%20%20%20%20%20%20%20%20%20%20%20%20%20%20%20%20%20%20%20%20%20%20%20301Permanently%20%20%20%20https://www.theverge.com/","1","0"
"https://qwant.com/%20%20%20%20%20%20%20%20%20%20%20%20%20%20%20%20%20%20%20%20%20%20%20%20%20%20%20%201Redirecttext/html%20%20%20%20%20%20%20%20%20%20%20%20%20%20%20%20%20302Temporarily%20%20%20%20https://www.qwant.com/","text/html","302","Moved Temporarily","138","0.27","","","https://www.qwant.com/","1","0"
"https://3d-convert.com/%20%20%20%20%20%20%20%20%20%20%20%20%20%20%20%20%20%20%20%20%20%202Chain%20text/html%20%20%20%20%20%20%20%20%20%20%20%20%20%20%20%20%20%20%20%20301Permanently%20%20%20%20http://3d-convert.com/en/","text/html","301","Moved Permanently","169","0.40","","","https://3d-convert.com/en/%20%20%20%20%20%20%20%20%20%20%20%20%20%20%20%20%20%20%20%20%20%202Chain%20text/html%20%20%20%20%20%20%20%20%20%20%20%20%20%20%20%20%20%20%20%20301Permanently%20%20%20%20http:/3d-convert.com/en/","2","0"
"https://meet.jit.si/%20%20%20%20%20%20%20%20%20%20%20%20%20%20%20%20%20%20%20%20%20%20%20%20%20%20%20%20%20%20%20%20%200Redirecttext/html%20%20%20%20%20%20%20%20%20%20%20%20%20%20%20%20%20%20200OK","text/html","200","OK","","0.20","","[accept-encoding]","","0","0"
"https://pdfpro.com/%20%20%20%20%20%20%20%20%20%20%20%20%20%20%20%20%20%20%20%20%20%20%20%20%20%20%200Redirecttext/html;%20charset=utf-8%20200OK","text/html; charset=utf-8","404","Not Found","","0.67","","[RSC, Next-Router-State-Tree, Next-Router-Prefetch]","","0","9"
"https://wiby.me/%20%20%20%20%20%20%20%20%20%20%20%20%20%20%20%20%20%20%20%20%20%20%20%20%20%20%20%20%20%200Redirecttext/html;%20charset=utf-8%20200OK","text/html","404","Not Found","146","0.68","","","","0","0"
"https://office-converter.com/%20%20%20%20%20%20%20%20%20%20%20%20%20%20%20%20%201Redirect%20%20%20%20%20%20%20%20%20%20%20%20%20%20%20%20%20%20%20%20%20%20%20%20%20%20301Permanently%20%20%20%20https://www.office-converter.com/","","301","Moved Permanently","0","0.20","","","https://www.office-converter.com/%20%20%20%20%20%20%20%20%20%20%20%20%20%20%20%20%201Redirect%20%20%20%20%20%20%20%20%20%20%20%20%20%20%20%20%20%20%20%20%20%20%20%20%20%20301Permanently%20%20%20%20https:/www.office-converter.com/","1","0"
"https://hackernoon.com/%20%20%20%20%20%20%20%20%20%20%20%20%20%20%20%20%20%20%20%20%20%20%20%20%20%20%20%20%20%200Redirecttext/html;%20charset=utf-8%20%20%20200OK","text/html; charset=utf-8","404","Not Found","","0.28","","[accept-encoding]","","0","0"
"https://betterhumans.pub/%20%20%20%20%20%20%20%20%20%20%20%20%20%20%20%20%20%20%20%20%20%20%20%20%20%20%20%200Redirectcharset=UTF-8%20%20%20%20%20%20%20%20%20%20%20%20%20%20403Forbidden","text/html; charset=UTF-8","403","Forbidden","7281","0.30","","","","0","0"
"https://aeon.co/%20%20%20%20%20%20%20%20%20%20%20%20%20%20%20%20%20%20%20%20%20%20%20%20%20%20%20%20%20%20%20%20%20%20%20%20%200Redirecttext/html;%20charset=utf-8%20%20%20429Requests","text/html; charset=utf-8","429","Too Many Requests","","0.34","","","","0","0"
"https://pdf2go.com/%20%20%20%20%20%20%20%20%20%20%20%20%20%20%20%20%20%20%20%20%20%20%20%20%20%201Redirect%20%20%20%20%20%20%20%20%20%20%20%20%20%20%20%20%20%20%20%20%20%20%20%20%20%20%20301Permanently%20%20%20%20https://www.pdf2go.com/","","301","Moved Permanently","17","0.44","","","https://www.pdf2go.com/%20%20%20%20%20%20%20%20%20%20%20%20%20%20%20%20%20%20%20%20%20%20%20%20%20%201Redirect%20%20%20%20%20%20%20%20%20%20%20%20%20%20%20%20%20%20%20%20%20%20%20%20%20%20%20301Permanently%20%20%20%20https:/www.pdf2go.com/","1","0"
"https://substack.com/%20%20%20%20%20%20%20%20%20%20%20%20%20%20%20%20%20%20%20%20%20%20%20%20%20%20%20%20%20%20%20%200Redirecttext/html;%20charset=utf-8%20%20%20200OK","text/html; charset=utf-8","404","Not Found","","0.42","","[Accept-Encoding]","","0","0"
"https://ocr2edit.com/%20%20%20%20%20%20%20%20%20%20%20%20%20%20%20%20%20%20%20%20%20%20%20%20%201Redirect%20%20%20%20%20%20%20%20%20%20%20%20%20%20%20%20%20%20%20%20%20%20%20%20%20%20301Permanently%20%20%20%20https://www.ocr2edit.com/","","301","Moved Permanently","17","0.44","","","https://www.ocr2edit.com/%20%20%20%20%20%20%20%20%20%20%20%20%20%20%20%20%20%20%20%20%20%20%20%20%201Redirect%20%20%20%20%20%20%20%20%20%20%20%20%20%20%20%20%20%20%20%20%20%20%20%20%20%20301Permanently%20%20%20%20https:/www.ocr2edit.com/","1","0"
"https://imageonline.co/%20%20%20%20%20%20%20%20%20%20%20%20%20%20%20%20%20%20%20%20%20%20%200Redirectcharset=UTF-8%20%20%20%20%20%20%20%20%20%20%20%20%20200OK","text/html; charset=UTF-8","200","OK","","0.77","","[accept-encoding]","","0","0"
"https://wetransfer.com/%20%20%20%20%20%20%20%20%20%20%20%20%20%20%20%20%20%20%20%20%20%20%20%20%20%20%20%20%20%200Redirecttext/html;%20charset=utf-8%20%20%20200OK","text/html; charset=utf-8","404","Not Found","8875","0.23","","[Accept-Encoding]","","0","0"
"https://formswift.com/%20%20%20%20%20%20%20%20%20%20%20%20%20%20%20%20%20%20%20%20%20%20%20%20%20%20%20%20%20%20%200Redirecttext/html;%20charset=utf-8%20%20%20200OK","text/html; charset=iso-8859-1","403","Forbidden","199","0.50","","","","0","0"
"https://towardsdatascience.com/%20%20%20%20%20%20%20%20%20%20%20%20%20%20%20%20%20%20%20%20%20%200Redirectcharset=UTF-8%20%20%20%20%20%20%20%20%20%20%20%20%20%20200OK","text/html; charset=UTF-8","404","Not Found","","0.42","","[Accept-Encoding]","","0","1"
"https://online-convert.com/%20%20%20%20%20%20%20%20%20%20%20%20%20%20%20%20%20%20%201Redirect%20%20%20%20%20%20%20%20%20%20%20%20%20%20%20%20%20%20%20%20%20%20%20%20%20%20301Permanently%20%20%20%20https://www.online-convert.com/","","301","Moved Permanently","17","0.26","","[accept-encoding]","https://www.online-convert.com/%20%20%20%20%20%20%20%20%20%20%20%20%20%20%20%20%20%20%201redirect%20%20%20%20%20%20%20%20%20%20%20%20%20%20%20%20%20%20%20%20%20%20%20%20%20%20301permanently%20%20%20%20https:/www.online-convert.com/","2","0"
"https://avepdf.com/%20%20%20%20%20%20%20%20%20%20%20%20%20%20%20%20%20%20%20%20%20%20%20%20%20%20%200Redirecttext/html%20%20%20%20%20%20%20%20%20%20%20%20%20%20%20%20%20200OK","text/html","404","Not Found","0","0.89","","","","0","0"
"https://ilovepdf.com/%20%20%20%20%20%20%20%20%20%20%20%20%20%20%20%20%20%20%20%20%20%20%20%20%201Redirecttext/html%20%20%20%20%20%20%20%20%20%20%20%20%20%20%20%20%20301Permanently%20%20%20%20https://www.ilovepdf.com/","text/html","301","Moved Permanently","169","0.51","","","https://www.ilovepdf.com/%20%20%20%20%20%20%20%20%20%20%20%20%20%20%20%20%20%20%20%20%20%20%20%20%201Redirecttext/html%20%20%20%20%20%20%20%20%20%20%20%20%20%20%20%20%20301Permanently%20%20%20%20https:/www.ilovepdf.com","2","0"
"https://signal.org/%20%20%20%20%20%20%20%20%20%20%20%20%20%20%20%20%20%20%20%20%20%20%20%20%20%20%20%20%20%20%20%20%20%200Redirecttext/html;%20charset=utf-8%20%20%20200OK","text/html; charset=utf-8","404","Not Found","","0.29","","[Accept-Encoding]","","0","0"
"https://docupub.com/%20%20%20%20%20%20%20%20%20%20%20%20%20%20%20%20%20%20%20%20%20%20%20%20%201Redirecttext/html%20%20%20%20%20%20%20%20%20%20%20%20%20%20%20%20%20%20302Object%20moved%20%20%20https://docupub.com/pdfconvert/","text/html; charset=utf-8","400","Bad Request","3835","0.71","","","","0","0"
"https://deftpdf.com/%20%20%20%20%20%20%20%20%20%20%20%20%20%20%20%20%20%20%20%20%20%20%20%20%20%20%20%20%20%20%20%20%200Redirecttext/html;%20charset=utf-8%20%20%20200OK","text/html; charset=utf-8","404","Not Found","","0.57","","[Accept-Encoding]","","0","0"
"https://lifehacker.com/%20%20%20%20%20%20%20%20%20%20%20%20%20%20%20%20%20%20%20%20%20%200Redirectcharset=UTF-8%20%20%20%20%20%20%20%20%20%20%20%20%20%20200OK","text/html; charset=UTF-8","404","Not Found","","0.94","","","","0","0"
"https://svgtopng.com/%20%20%20%20%20%20%20%20%20%20%20%20%20%20%20%20%20%20%20%20%20%20%20%20%20%20%20%20%20%20%20%200Redirecttext/html;%20charset=utf-8%20%20%20200OK","text/html; charset=utf-8","404","Not Found","1491","0.64","","[Accept-Encoding],[Accept-Encoding]","","0","0"
"https://discord.com/%20%20%20%20%20%20%20%20%20%20%20%20%20%20%20%20%20%20%20%20%20%20%20%20%20%20%20%20%20%20%20%20%200Redirecttext/html;%20charset=utf-8%20%20%20200OK","text/html","404","Not Found","","0.47","","","","0","0"
"https://cryptpad.fr/%20%20%20%20%20%20%20%20%20%20%20%20%20%20%20%20%20%20%20%20%20%20%20%20%20%20%20%20%20%20%20%20%200Redirecttext/html;%20charset=utf-8%20%20%20200OK","text/html; charset=utf-8","404","Not Found","938","0.48","","","","0","0"
"https://cleverpdf.com/%20%20%20%20%20%20%20%20%20%20%20%20%20%20%20%20%20%20%20%20%20%20%20%20%20%20%20%20%20%20%201Redirect%20%20%20%20%20%20%20%20%20%20%20%20%20%20%20%20%20%20%20%20%20%20%20%20%20%20%20301Permanently%20%20%20https://www.cleverpdf.com/","","301","Moved Permanently","0","0.19","","","https://www.cleverpdf.com/%20%20%20%20%20%20%20%20%20%20%20%20%20%20%20%20%20%20%20%20%20%20%20%20%20%20%20%20%20%20%201Redirect%20%20%20%20%20%20%20%20%20%20%20%20%20%20%20%20%20%20%20%20%20%20%20%20%20%20%20301Permanently%20%20%20https:/www.cleverpdf.com","2","0"
"https://freeconvert.com/%20%20%20%20%20%20%20%20%20%20%20%20%20%20%20%20%20%20%20%20%20%201Redirect%20%20%20%20%20%20%20%20%20%20%20%20%20%20%20%20%20%20%20%20%20%20%20%20%20%20301Permanently%20%20%20%20https://www.freeconvert.com/","","301","Moved Permanently","0","0.19","","","https://www.freeconvert.com/%20%20%20%20%20%20%20%20%20%20%20%20%20%20%20%20%20%20%20%20%20%201Redirect%20%20%20%20%20%20%20%20%20%20%20%20%20%20%20%20%20%20%20%20%20%20%20%20%20%20301Permanently%20%20%20%20https:/www.freeconvert.com/","1","0"
"https://streamable.com/%20%20%20%20%20%20%20%20%20%20%20%20%20%20%20%20%20%20%20%20%20%20%20%20%20%20%20%20%20%200Redirecttext/html;%20charset=utf-8%20%20%20200OK","text/html; charset=utf-8","404","NOT FOUND","42745","0.31","","[x-session]","","0","0"
"https://notion.so/%20%20%20%20%20%20%20%20%20%20%20%20%20%20%20%20%20%20%20%20%20%20%20%20%20%20%20%20%20%20%20%20%20%20%201Redirecttext/html%20%20%20%20%20%20%20%20%20%20%20%20%20%20%20%20%20%20301Permanently%20%20%20https://www.notion.so/","text/html","301","Moved Permanently","167","0.23","","","https://www.notion.so/%20%20%20%20%20%20%20%20%20%20%20%20%20%20%20%20%20%20%20%20%20%20%20%20%20%20%20%20%20%20%20%20%20%20%201Redirecttext/html%20%20%20%20%20%20%20%20%20%20%20%20%20%20%20%20%20%20301Permanently%20%20%20https:/www.notion.so/","1","0"
"https://onlineconvertfree.com/%20%20%20%20%20%20%20%20%20%20%20%20%20%20%20%200Redirecttext/html;%20charset=utf-8%20200OK","","308","Permanent Redirect","","0.43","","","https://onlineconvertfree.com/%20%20%20%20%20%20%20%20%20%20%20%20%20%20%20%200Redirecttext/html;%20charset=utf-8%20200OK/","1","0"
"https://mega.nz/%20%20%20%20%20%20%20%20%20%20%20%20%20%20%20%20%20%20%20%20%20%20%20%20%20%20%20%20%20%20%20%20%20%20%20%20%200Redirecttext/html%20%20%20%20%20%20%20%20%20%20%20%20%20%20%20%20%20%20200OK","text/html","200","OK","2525","0.37","","","","0","0"
"https://proton.me/%20%20%20%20%20%20%20%20%20%20%20%20%20%20%20%20%20%20%20%20%20%20%20%20%20%20%20%20%20%20%20%20%20%20%200Redirecttext/html;%20charset=utf-8%20%20%20200OK","text/html; charset=utf-8","404","Not Found","116070","0.37","","","","0","0"
"https://theatlantic.com/%20%20%20%20%20%20%20%20%20%20%20%20%20%20%20%20%20%20%20%20%20%20%20%20%20%20%20%20%202Chain%20%20%20%20%20%20%20%20%20%20%20%20%20%20%20%20%20%20%20%20%20%20%20%20%20%20%20%20%20%20301Permanently%20%20%20https://www.theatlantic.com/","","301","Moved Permanently","0","0.19","","[Origin]","https://www.theatlantic.com/%20%20%20%20%20%20%20%20%20%20%20%20%20%20%20%20%20%20%20%20%20%20%20%20%20%20%20%20%202Chain%20%20%20%20%20%20%20%20%20%20%20%20%20%20%20%20%20%20%20%20%20%20%20%20%20%20%20%20%20%20301Permanently%20%20%20https://www.theatlantic.com/","1","0"
"https://dev.to/%20%20%20%20%20%20%20%20%20%20%20%20%20%20%20%20%20%20%20%20%20%20%20%20%20%20%20%20%20%20%20%20%20%20%20%20%20%200Redirecttext/html;%20charset=utf-8%20%20%20200OK","text/html; charset=UTF-8","404","Not Found","5077","0.60","","[X-Loggedin, Accept-Encoding]","","0","0"
"https://trello.com/%20%20%20%20%20%20%20%20%20%20%20%20%20%20%20%20%20%20%20%20%20%20%20%20%20%20%20%20%20%20%20%20%20%200Redirecttext/html;%20charset=utf-8%20%20%20200OK","text/html","400","Bad Request","18943","0.27","","[Accept-Encoding]","","0","0"
"https://canva.com/%20%20%20%20%20%20%20%20%20%20%20%20%20%20%20%20%20%20%20%20%20%20%20%20%20%20%20%20%20%20%20%20%20%20%201Redirect%20%20%20%20%20%20%20%20%20%20%20%20%20%20%20%20%20%20%20%20%20%20%20%20%20%20%20301Permanently%20%20%20https://www.canva.com/","","301","Moved Permanently","0","0.22","","","https://www.canva.com/%20%20%20%20%20%20%20%20%20%20%20%20%20%20%20%20%20%20%20%20%20%20%20%20%20%20%20%20%20%20%20%20%20%20%201Redirect%20%20%20%20%20%20%20%20%20%20%20%20%20%20%20%20%20%20%20%20%20%20%20%20%20%20%20301Permanently%20%20%20https://www.canva.com/","1","0"
"https://search.marginalia.nu/%20%20%20%20%20%20%20%20%20%20%20%20%20%20%20%201Redirecttext/html%20%20%20%20%20%20%20%20%20%20%20%20%20%20%20%20%20%20302Temporarily%20%20%20%20https://marginalia-search.com/","text/html","302","Moved Temporarily","145","0.48","","","https://marginalia-search.com/%20%20%20%20%20%20%20%20%20%20%20%20%20%20%20%201Redirecttext/html%20%20%20%20%20%20%20%20%20%20%20%20%20%20%20%20%20%20302Temporarily%20%20%20%20https:/marginalia-search.com/","1","0"
"https://ps2pdf.com/%20%20%20%20%20%20%20%20%20%20%20%20%20%20%20%20%20%20%20%20%20%20%20%20%20%201Redirect%20%20%20%20%20%20%20%20%20%20%20%20%20%20%20%20%20%20%20%20%20%20%20%20%20%20%20301Permanently%20%20%20%20https://www.xconvert.com/","","301","Moved Permanently","0","0.19","","","https://www.xconvert.com/%20%20%20%20%20%20%20%20%20%20%20%20%20%20%20%20%20%20%20%20%20%20%20%20%20%201Redirect%20%20%20%20%20%20%20%20%20%20%20%20%20%20%20%20%20%20%20%20%20%20%20%20%20%20%20301Permanently%20%20%20%20https:/www.xconvert.com","3","0"
"https://lightpdf.com/%20%20%20%20%20%20%20%20%20%20%20%20%20%20%20%20%20%20%20%20%20%20%20%20%20%20%20%20%20%20%20%200Redirecttext/html;%20charset=utf8%20%20%20%20200OK","text/html; charset=UTF-8","404","Not Found","","0.80","","[Accept-Encoding]","","0","0"
"https://csvjson.com/csv2json%20%20%20%20%20%20%20%20%20%20%20%20%20%20%20%20%20%20%20%20%20%20%20%20%200Redirectcharset=UTF-8%20%20%20%20%20%20%20%20%20%20%20%20%20%20200OK","text/html; charset=UTF-8","400","Bad Request","","0.65","","","","0","0"
"https://clockify.me/%20%20%20%20%20%20%20%20%20%20%20%20%20%20%20%20%20%20%20%20%20%20%20%20%20%20%20%20%20%20%20%20%200Redirecttext/html%20%20%20%20%20%20%20%20%20%20%20%20%20%20%20%20%20%20200OK","text/html","404","Not Found","148566","0.41","","[Accept-Encoding]","","0","0"
"https://meshconvert.com/%20%20%20%20%20%20%20%20%20%20%20%20%20%20%20%20%20%20%20%20%20%20%20%20%20%20%20%20%201Redirect8859-1%20%20%20%20%20%20%20%20%20%20%20%20%20%20%20%20%20%20%20%20%20301Permanently%20%20%20https://www.meshconvert.com/","text/html; charset=iso-8859-1","301","Moved Permanently","451","0.40","","","https://www.meshconvert.com/%20%20%20%20%20%20%20%20%20%20%20%20%20%20%20%20%20%20%20%20%20%20%20%20%20%20%20%20%201Redirect8859-1%20%20%20%20%20%20%20%20%20%20%20%20%20%20%20%20%20%20%20%20%20301Permanently%20%20%20https:/www.meshconvert.com/","1","0"
"https://png.to/%20%20%20%20%20%20%20%20%20%20%20%20%20%20%20%20%20%20%20%20%20%20%20%20%20%20%20%20%20%201Redirecttext/html%20%20%20%20%20%20%20%20%20%20%20%20%20%20%20%20%20%20301Permanently%20%20%20%20https://www.png.to/","text/html","301","Moved Permanently","162","0.41","","","https://www.png.to/%20%20%20%20%20%20%20%20%20%20%20%20%20%20%20%20%20%20%20%20%20%20%20%20%20%20%20%20%20%201Redirecttext/html%20%20%20%20%20%20%20%20%20%20%20%20%20%20%20%20%20%20301Permanently%20%20%20%20https://www.png.to/","1","0"
"https://simplelogin.io/%20%20%20%20%20%20%20%20%20%20%20%20%20%20%20%20%20%20%20%20%20%20%20%20%20%20%20%20%20%200Redirecttext/html%20%20%20%20%20%20%20%20%20%20%20%20%20%20%20%20%20%20200OK","text/html","404","Not Found","146","0.51","","[Accept-Encoding]","","0","0"
"https://theconversation.com/%20%20%20%20%20%20%20%20%20%20%20%20%20%20%20%20%20%20%20%20%20%20%20%20%201Redirecttext/html;%20charset=utf-8%20%20%20302Found%20%20%20%20%20%20%20%20%20https://theconversation.com/europe","text/html; charset=utf-8","404","Not Found","","0.34","","[Accept-Encoding]","","0","0"
"https://element.io/%20%20%20%20%20%20%20%20%20%20%20%20%20%20%20%20%20%20%20%20%20%20%20%20%20%20%20%20%20%20%20%20%20%200Redirecttext/html;%20charset=utf-8%20%20%20200OK","text/html; charset=utf-8","404","Not Found","","0.49","","[accept-encoding]","","0","0"
"https://coolutils.com/online%20%20%20%20%20%20%20%20%20%20%20%20%20%20%20%20%20%20%20%20%20%20%20%20%203Chain%208859-1%20%20%20%20%20%20%20%20%20%20%20%20%20%20%20%20%20%20%20%20%20%20%20301Permanently%20%20%20http://coolutils.com/online/","text/html","410","Gone","","0.53","","","","0","0"
"https://scribd.com/%20%20%20%20%20%20%20%20%20%20%20%20%20%20%20%20%20%20%20%20%20%20%20%20%20%20%20%20%20%20%20%20%20%201Redirect%20%20%20%20%20%20%20%20%20%20%20%20%20%20%20%20%20%20%20%20%20%20%20%20%20%20%20302Found%20%20%20%20%20%20%20%20%20https://www.scribd.com/","","302","Found","0","0.19","","[]","https://www.scribd.com/%20%20%20%20%20%20%20%20%20%20%20%20%20%20%20%20%20%20%20%20%20%20%20%20%20%20%20%20%20%20%20%20%20%201Redirect%20%20%20%20%20%20%20%20%20%20%20%20%20%20%20%20%20%20%20%20%20%20%20%20%20%20%20302Found%20%20%20%20%20%20%20%20%20https:/www.scribd.com","2","0"
"https://raindrop.io/%20%20%20%20%20%20%20%20%20%20%20%20%20%20%20%20%20%20%20%20%20%20%20%20%20%20%20%20%20%20%20%20%200Redirecttext/html;%20charset=utf-8%20%20%20200OK","text/plain;charset=UTF-8","404","Not Found","9","0.24","","","","0","0"
"https://mashable.com/%20%20%20%20%20%20%20%20%20%20%20%20%20%20%20%20%20%20%20%20%20%20%20%200Redirectcharset=UTF-8%20%20%20%20%20%20%20%20%20%20%20%20%20%20200OK","text/html; charset=utf-8","301","Moved Permanently","","0.64","","","https://mashable.com/%20%20%20%20%20%20%20%20%20%20%20%20%20%20%20%20%20%20%20%20%20%20%20%200redirectcharset=utf-8%20%20%20%20%20%20%20%20%20%20%20%20%20%20200ok","1","0"
"https://box.com/%20%20%20%20%20%20%20%20%20%20%20%20%20%20%20%20%20%20%20%20%20%20%20%20%20%20%20%20%20%20%20%20%20%20%20%20%201Redirectcharset=UTF-8%20%20%20%20%20%20%20%20%20%20%20%20%20%20301Permanently%20%20%20https://www.box.com/","text/html; charset=UTF-8","301","Moved Permanently","0","0.31","","","https://www.box.com/%20%20%20%20%20%20%20%20%20%20%20%20%20%20%20%20%20%20%20%20%20%20%20%20%20%20%20%20%20%20%20%20%20%20%20%20%201Redirectcharset=UTF-8%20%20%20%20%20%20%20%20%20%20%20%20%20%20301Permanently%20%20%20https://www.box.com/","1","0"
"https://miro.com/%20%20%20%20%20%20%20%20%20%20%20%20%20%20%20%20%20%20%20%20%20%20%20%20%20%20%20%20%20%20%20%20%20%20%20%200Redirecttext/html%20%20%20%20%20%20%20%20%20%20%20%20%20%20%20%20%20%20200OK","","308","Permanent Redirect","187","0.30","","","https://miro.com/%20%20%20%20%20%20%20%20%20%20%20%20%20%20%20%20%20%20%20%20%20%20%20%20%20%20%20%20%20%20%20%20%20%20%20%200Redirecttext/html%20%20%20%20%20%20%20%20%20%20%20%20%20%20%20%20%20%20200OK/","1","0"
"https://getpocket.com/explore%20%20%20%20%20%20%20%20%20%20%20%20%20%20%20%20%20%20%20%20%20%20%20%201Redirect%20%20%20%20%20%20%20%20%20%20%20%20%20%20%20%20%20%20%20%20%20%20%20%20%20%20%20307Redirect%20%20%20%20%20%20https://getpocket.com/home","text/html","503","Service Temporarily Unavailable","955","0.62","","","","0","0"
"https://toggl.com/track%20%20%20%20%20%20%20%20%20%20%20%20%20%20%20%20%20%20%20%20%20%20%20%20%20%20%20%20%20%201Redirecttext/html%20%20%20%20%20%20%20%20%20%20%20%20%20%20%20%20%20%20301Permanently%20%20%20https://toggl.com/","text/html","404","Not Found","38472","0.33","","[Accept-Encoding]","","0","0"
"https://mattermost.com/%20%20%20%20%20%20%20%20%20%20%20%20%20%20%20%20%20%20%20%20%20%20%20%20%20%20%20%20%20%200Redirectcharset=UTF-8%20%20%20%20%20%20%20%20%20%20%20%20%20%20200OK","text/html; charset=UTF-8","404","Not Found","","0.64","","[Accept-Encoding]","","0","1"
"https://asana.com/%20%20%20%20%20%20%20%20%20%20%20%20%20%20%20%20%20%20%20%20%20%20%20%20%20%20%20%20%20%20%20%20%20%20%200Redirecttext/html;%20charset=utf-8%20%20%20200OK","","301","Moved Permanently","0","0.44","","","https://asana.com/%20%20%20%20%20%20%20%20%20%20%20%20%20%20%20%20%20%20%20%20%20%20%20%20%20%20%20%20%20%20%20%20%20%20%200redirecttext/html;%20charset=utf-8%20%20%20200ok","1","0"
"https://jpg.to/%20%20%20%20%20%20%20%20%20%20%20%20%20%20%20%20%20%20%20%20%20%20%20%20%20%20%20%20%20%20%20%20%20%20%20%20%20%201Redirecttext/html%20%20%20%20%20%20%20%20%20%20%20%20%20%20%20%20%20%20301Permanently%20%20%20https://www.jpg.to/","text/html","301","Moved Permanently","162","0.36","","","https://www.jpg.to/%20%20%20%20%20%20%20%20%20%20%20%20%20%20%20%20%20%20%20%20%20%20%20%20%20%20%20%20%20%20%20%20%20%20%20%20%20%201Redirecttext/html%20%20%20%20%20%20%20%20%20%20%20%20%20%20%20%20%20%20301Permanently%20%20%20https://www.jpg.to/","1","0"
"https://doodle.com/%20%20%20%20%20%20%20%20%20%20%20%20%20%20%20%20%20%20%20%20%20%20%20%20%20%20%20%20%20%20%20%20%20%201Redirecttext/html%20%20%20%20%20%20%20%20%20%20%20%20%20%20%20%20%20%20302Found%20%20%20%20%20%20%20%20%20https://doodle.com/en/","text/html; charset=utf-8","301","Moved Permanently","","0.27","","","https://doodle.com/%2520%2520%2520%2520%2520%2520%2520%2520%2520%2520%2520%2520%2520%2520%2520%2520%2520%2520%2520%2520%2520%2520%2520%2520%2520%2520%2520%2520%2520%2520%2520%2520%2520%25201Redirecttext/html%2520%2520%2520%2520%2520%2520%2520%2520%2520%2520%2520%2520%2520%2520%2520%2520%2520%2520302Found%2520%2520%2520%2520%2520%2520%2520%2520%2520https:/doodle.com/en/","1","0"
"https://spring.io/docs%20%20%20%20%20%20%20%20%20%20%20%20%20%20%20%20%20%20%200Redirecttext/html;%20charset=utf-8%20%20%20404Not%20Found","text/html; charset=utf-8","404","Not Found","","0.25","","","","0","0"
"https://readwise.io/%20%20%20%20%20%20%20%20%20%20%20%20%20%20%20%20%20%20%20%20%20%20%20%20%20%20%20%20%20%20%20%20%200Redirecttext/html;%20charset=utf-8%20%20%20200OK","text/html; charset=utf-8","404","Not Found","","0.34","","[Authorization, Origin, Cookie],[Accept-Encoding]","","0","0"
"https://buffer.com/%20%20%20%20%20%20%20%20%20%20%20%20%20%20%20%20%20%20%20%20%20%200Redirecttext/html;%20charset=utf-8%20%20%20200OK","text/html; charset=utf-8","404","Not Found","","0.33","","[Accept-Encoding]","","0","0"
"https://wired.com/%20%20%20%20%20%20%20%20%20%20%20%20%20%20%20%20%20%20%20%20%20%20%20%20%20%20%20%20%20%20%20%20%20%20%201Redirecttext/html%20%20%20%20%20%20%20%20%20%20%20%20%20%20%20%20%20%20301Permanently%20%20%20https://www.wired.com/","text/html","301","Moved Permanently","162","0.28","","","https://www.wired.com/%20%20%20%20%20%20%20%20%20%20%20%20%20%20%20%20%20%20%20%20%20%20%20%20%20%20%20%20%20%20%20%20%20%20%201Redirecttext/html%20%20%20%20%20%20%20%20%20%20%20%20%20%20%20%20%20%20301Permanently%20%20%20https://www.wired.com/","1","0"
"https://ifttt.com/%20%20%20%20%20%20%20%20%20%20%20%20%20%20%20%20%20%20%20%20%20%20%200Redirecttext/html;%20charset=utf-8%20%20%20200OK","text/html; charset=utf-8","404","Not Found","58578","0.38","","[Accept-Encoding]","","0","0"
"https://docs.djangoproject.com/%20%20%20%20%20%20%20%20%20%201Redirecttext/html;%20charset=utf-8%20%20%20302Found%20%20%20%20%20%20%20%20%20https://docs.djangoproject.com/en/6.0/","text/html; charset=utf-8","404","Not Found","15062","0.21","","[Accept-Encoding]","","0","0"
"https://pdfcandy.com/%20%20%20%20%20%20%20%20%20%20%20%20%20%20%20%20%20%20%20%20%20%20%20%200Redirectcharset=UTF-8%20%20%20%20%20%20%20%20%20%20%20%20%20%20200OK","text/html; charset=UTF-8","404","Not Found","","1.40","","","","0","0"
"https://startpage.com/%20%20%20%20%20%20%20%20%20%20%20%20%20%20%20%20%20%20%20%20%20%20%20%20%20%20%20%20%20%20%202Chain%20text/html%20%20%20%20%20%20%20%20%20%20%20%20%20%20%20%20%20%20%20%20303See%20Other%20%20%20%20%20https://www.startpage.com/","text/html","303","See Other","146","0.28","","","https://www.startpage.com/notfound/","2","0"
"https://huggingface.co/spaces%20%20%20%20%20%20%20%20%20%20%20%200Redirecttext/html;%20charset=utf-8%20%20%20200OK","text/html; charset=utf-8","401","Unauthorized","23046","0.34","","","","0","0"
"https://drive.google.com/%20%20%20%20%20%20%20%20%20%20%20%20%20%20%20%203Chain%20application/binary%20%20%20%20%20%20%20%20%20%20%20302Found%20%20%20%20%20%20%20%20%20service=wise&passive=1209600&osid=1&continue=https://drive.google.com/&followup=https://drive","text/html; charset=utf-8","404","Not Found","","0.38","","[Accept-Encoding]","","0","0"
"https://slack.com/%20%20%20%20%20%20%20%20%20%20%20%20%20%20%20%20%20%20%20%20%20%20%20%20%20%20%20%20%20%20%20%20%20%20%200Redirecttext/html;%20charset=utf-8%20%20%20200OK","text/html; charset=utf-8","404","Not Found","","0.55","[noindex,nofollow]","[Accept-Encoding]","","0","0"
"https://veed.io/%20%20%20%20%20%20%20%20%20%20%20%20%20%20%20%20%20%20%20%20%20%20%20%20%201Redirecttext/html%20%20%20%20%20%20%20%20%20%20%20%20%20%20%20%20%20%20301Permanently%20%20%20https://www.veed.io/","text/html","301","Moved Permanently","167","0.19","","","https://www.veed.io/%20%20%20%20%20%20%20%20%20%20%20%20%20%20%20%20%20%20%20%20%20%20%20%20%201Redirecttext/html%20%20%20%20%20%20%20%20%20%20%20%20%20%20%20%20%20%20301Permanently%20%20%20https:/www.veed.io/","1","0"
"https://vimeo.com/%20%20%20%20%20%20%20%20%20%20%20%20%20%20%20%20%20%20%20%20%20%20%20%20%20%20%20%20%20%20%20%20%20%20%200Redirectcharset=UTF-8%20%20%20%20%20%20%20%20%20%20%20%20%20%20200OK","text/html; charset=UTF-8","404","Not Found","","0.63","","[X-Geo-Vary-Group, Crossroads-Backend, Accept-Encoding,x-http-method-override]","","0","0"
"https://docs.unrealengine.com/%20%20%20%20%20%20%20%20%20%20%200Redirectcharset=UTF-8%20%20%20%20%20%20%20%20%20%20%20%20%20%20403Forbidden","text/html; charset=UTF-8","403","Forbidden","7069","0.20","","","","0","0"
"https://docs.python.org/%20%20%20%20%20%20%20%20%20%20%20%20%20%20%20%20%201Redirecttext/html%20%20%20%20%20%20%20%20%20%20%20%20%20%20%20%20%20%20302Temporarily%20%20%20https://docs.python.org/3/","text/html","404","Not Found","146","0.24","","[Accept-Encoding]","","0","0"
"https://later.com/%20%20%20%20%20%20%20%20%20%20%20%20%20%20%20%20%20%20%20%20%20%20%200Redirectcharset=UTF-8%20%20%20%20%20%20%20%20%20%20%20%20%20%20200OK","text/html; charset=utf-8","404","Not Found","","0.49","","","","0","0"
"https://udemy.com/%20%20%20%20%20%20%20%20%20%20%20%20%20%20%20%20%20%20%20%20%20%20%201Redirecttext/html%20%20%20%20%20%20%20%20%20%20%20%20%20%20%20%20%20%20301Permanently%20%20%20https://www.udemy.com/","text/html","301","Moved Permanently, Redirect Loop","167","0.12","","","https://www.udemy.com/%20%20%20%20%20%20%20%20%20%20%20%20%20%20%20%20%20%20%20%20%20%20%201Redirecttext/html%20%20%20%20%20%20%20%20%20%20%20%20%20%20%20%20%20%20301Permanently%20%20%20https:/www.udemy.com/","3","0"
"https://clickup.com/%20%20%20%20%20%20%20%20%20%20%20%20%20%20%20%20%20%20%20%20%20%20%20%20%20%20%20%20%20%20%20%20%200Redirecttext/html%20%20%20%20%20%20%20%20%20%20%20%20%20%20%20%20%20%20200OK","text/html","403","Forbidden","93723","0.83","","[Accept-Encoding]","","0","0"
"https://replit.com/%20%20%20%20%20%20%20%20%20%20%20%20%20%20%20%20%20%20%20%20%20%200Redirecttext/html;%20charset=utf-8%20%20%20200OK","text/html; charset=utf-8","404","Not Found","","0.41","","[Accept-Encoding]","","0","0"
"https://dropbox.com/%20%20%20%20%20%20%20%20%20%20%20%20%20%20%20%20%20%20%20%20%20%20%20%20%20%20%20%20%20%20%20%20%201Redirect%20%20%20%20%20%20%20%20%20%20%20%20%20%20%20%20%20%20%20%20%20%20%20%20%20%20%20301Permanently%20%20%20https://www.dropbox.com/","","301","Moved Permanently","0","0.24","","[Accept-Encoding]","https://www.dropbox.com/%20%20%20%20%20%20%20%20%20%20%20%20%20%20%20%20%20%20%20%20%20%20%20%20%20%20%20%20%20%20%20%20%201Redirect%20%20%20%20%20%20%20%20%20%20%20%20%20%20%20%20%20%20%20%20%20%20%20%20%20%20%20301Permanently%20%20%20https:/www.dropbox.com/","1","0"
"https://stackoverflow.com/%20%20%20%20%20%20%20%20%20%20%20%20%20%20%201Redirect%20%20%20%20%20%20%20%20%20%20%20%20%20%20%20%20%20%20%20%20%20%20%20%20%20%20%20302Found%20%20%20%20%20%20%20%20%20https://stackoverflow.com/questions","text/html; charset=utf-8","404","Not Found","","0.32","","[Accept-Encoding]","","0","0"
"https://javascript.info/%20%20%20%20%20%20%20%20%20%20%20%20%20%20%20%20%200Redirecttext/html;%20charset=utf-8%20%20%20200OK","text/html; charset=utf-8","404","Not Found","16662","0.32","","","","0","0"
"https://getpocket.com/%20%20%20%20%20%20%20%20%20%20%20%20%20%20%20%20%20%20%203Chain%20%20%20%20%20%20%20%20%20%20%20%20%20%20%20%20%20%20%20%20%20%20%20%20%20%20%20%20%20%20302Temporarily%20%20%20https://getpocket.com/en/","text/html","503","Service Temporarily Unavailable","955","0.44","","","","0","0"
"https://pdfsam.com/pdfsam-online%20%20%20%20%20%20%20%20%20%20%20%20%20%201Redirectcharset=UTF-8%20%20%20%20%20%20%20%20%20%20%20%20%20301Permanently%20%20%20%20https://pdfsam.com/","text/html; charset=UTF-8","301","Moved Permanently","0","1.56","","","https://pdfsam.com/","1","0"
"https://zapier.com/%20%20%20%20%20%20%20%20%20%20%20%20%20%20%20%20%20%20%20%20%20%200Redirecttext/html;%20charset=utf-8%20%20%20200OK","text/html; charset=utf-8","404","Not Found","102721","0.45","","[X-Session-Key, Origin, Accept-Encoding]","","0","0"
"https://airtable.com/%20%20%20%20%20%20%20%20%20%20%20%20%20%20%20%20%20%20%20%201Redirect8%20%20%20%20%20%20%20%20%20%20%20%20%20%20%20%20%20%20%20%20%20%20%20%20%20%20301Permanently%20%20%20https://www.airtable.com/","text/plain; charset=utf-8","301","Moved Permanently","250","0.37","","[Accept, Accept-Encoding]","https://airtable.com/%20%20%20%20%20%20%20%20%20%20%20%20%20%20%20%20%20%20%20%201Redirect8%20%20%20%20%20%20%20%20%20%20%20%20%20%20%20%20%20%20%20%20%20%20%20%20%20%20301Permanently%20%20%20https://www.airtable.com","1","0"
"https://kotlinlang.org/docs%20%20%20%20%20%20%20%20%20%20%20%20%20%201Redirect%20%20%20%20%20%20%20%20%20%20%20%20%20%20%20%20%20%20%20%20%20%20%20%20%20%20%20301Permanently%20%20%20https://kotlinlang.org/docs/","text/html; charset=utf-8","404","Not Found","32050","0.42","","[Accept-Encoding]","","0","0"
"https://ads.pinterest.com/%20%20%20%20%20%20%20%20%20%20%20%20%20%20%200Redirecttext/html;%20charset=utf-8%20%20%20200OK","text/html; charset=utf-8","404","Not Found","4136","0.28","","[User-Agent, Accept-Encoding]","","0","3"
"https://egghead.io/%20%20%20%20%20%20%20%20%20%20%20%20%20%20%20%20%20%20%20%20%20%200Redirecttext/html;%20charset=utf-8%20%20%20200OK","text/html; charset=utf-8","404","Not Found","18043","0.39","","","","0","0"
"https://pdfcandy.com/desktop%20%20%20%20%20%20%20%20%20%20%20%20%20%20%20%20%20%20%20%20%20%20%20%20%200Redirectcharset=UTF-8%20%20%20%20%20%20%20%20%20%20%20%20%20%20404Not%20Found","text/html; charset=UTF-8","404","Not Found","","1.09","","","","0","0"
"https://longform.org/%20%20%20%20%20%20%20%20%20%20%20%20%20%20%20%20%20%20%20%20%20%20%20%20%20%20%20%20%20%20%20%200Redirecttext/html;%20charset=utf-8%20%20%20200OK","text/html; charset=utf-8","404","Not Found","","0.74","","","","0","0"
"https://git-scm.com/doc%20%20%20%20%20%20%20%20%20%20%20%20%20%20%20%20%20%200Redirecttext/html;%20charset=utf-8%20%20%20200OK","text/html; charset=utf-8","404","Not Found","","0.35","","[Accept-Encoding]","","0","0"
"https://loom.com/%20%20%20%20%20%20%20%20%20%20%20%20%20%20%20%20%20%20%20%20%20%20%20%201Redirect%20%20%20%20%20%20%20%20%20%20%20%20%20%20%20%20%20%20%20%20%20%20%20%20%20%20%20301Permanently%20%20%20https://www.loom.com/","","301","Moved Permanently","0","0.18","","[Origin]","https://www.loom.com/%20%20%20%20%20%20%20%20%20%20%20%20%20%20%20%20%20%20%20%20%20%20%20%201Redirect%20%20%20%20%20%20%20%20%20%20%20%20%20%20%20%20%20%20%20%20%20%20%20%20%20%20%20301Permanently%20%20%20https://www.loom.com/","1","0"
"https://overapi.com/%20%20%20%20%20%20%20%20%20%20%20%20%20%20%20%20%20%20%20%20%200Redirecttext/html;%20charset=utf-8%20%20%20200OK","text/html; charset=utf-8","404","Not Found","8278","0.42","","[Accept-Encoding]","","0","0"
"https://roadmap.sh/%20%20%20%20%20%20%20%20%20%20%20%20%20%20%20%20%20%20%20%20%20%200Redirecttext/html;%20charset=utf-8%20%20%20200OK","text/html; charset=utf-8","404","Not Found","","0.37","","[Accept-Encoding]","","0","0"
"https://kapwing.com/%20%20%20%20%20%20%20%20%20%20%20%20%20%20%20%20%20%20%20%20%201Redirecttext/html%20%20%20%20%20%20%20%20%20%20%20%20%20%20%20%20%20%20301Permanently%20%20%20https://www.kapwing.com/","text/html","301","Moved Permanently","167","0.15","","","https://www.kapwing.com/%20%20%20%20%20%20%20%20%20%20%20%20%20%20%20%20%20%20%20%20%201Redirecttext/html%20%20%20%20%20%20%20%20%20%20%20%20%20%20%20%20%20%20301Permanently%20%20%20https:/www.kapwing.com","2","0"
"https://pcloud.com/%20%20%20%20%20%20%20%20%20%20%20%20%20%20%20%20%20%20%20%20%20%201Redirecttext/html%20%20%20%20%20%20%20%20%20%20%20%20%20%20%20%20%20%20301Permanently%20%20%20https://www.pcloud.com/","text/html","301","Moved Permanently","0","0.36","","","https://www.pcloud.com/","2","0"
"https://codecademy.com/%20%20%20%20%20%20%20%20%20%20%20%20%20%20%20%20%20%201Redirect%20%20%20%20%20%20%20%20%20%20%20%20%20%20%20%20%20%20%20%20%20%20%20%20%20%20%20301Permanently%20%20%20https://www.codecademy.com/","","301","Moved Permanently","0","0.19","","","https://www.codecademy.com/%20%20%20%20%20%20%20%20%20%20%20%20%20%20%20%20%20%201Redirect%20%20%20%20%20%20%20%20%20%20%20%20%20%20%20%20%20%20%20%20%20%20%20%20%20%20%20301Permanently%20%20%20https:/www.codecademy.com/","1","0"
"https://css-tricks.com/%20%20%20%20%20%20%20%20%20%20%20%20%20%20%20%20%20%200Redirectcharset=UTF-8%20%20%20%20%20%20%20%20%20%20%20%20%20%20200OK","text/html; charset=UTF-8","404","Not Found","","0.70","","[Accept-Encoding],[Accept-Encoding,User-Agent]","","0","1"
"https://linuxjourney.com/%20%20%20%20%20%20%20%20%20%20%20%20%20%20%20%201Redirecttext/html%20%20%20%20%20%20%20%20%20%20%20%20%20%20%20%20%20%20301Permanently%20%20%20https://labex.io/linuxjourney","text/html;charset=utf-8","404","Page not found: /%20%20%20%20%20%20%20%20%20%20%20%20%20%20%20%201Redirecttext/html%20%20%20%20%20%20%20%20%20%20%20%20%20%20%20%20%20%20301Permanently%20%20%20https://labex.io/linuxjourney","","0.50","","","","0","0"
"https://convertpdf.tistory.com/%20%20%20%20%20%20%20%20%20%20%20%20%20%20%20%20%20%20%20%20%20%200Redirect8%20%20%20%20%20%20%20%20%20%20%20%20%20%20%20%20%20%20%20%20%20%20%20%20%20%20404","text/html;charset=UTF-8","404","","","1.47","","","","0","0"
"https://pinboard.in/%20%20%20%20%20%20%20%20%20%20%20%20%20%20%20%20%20%20%20%20%200Redirectcharset=UTF-8%20%20%20%20%20%20%20%20%20%20%20%20%20%20200OK","text/html; charset=UTF-8","404","Not Found","1507","0.71","","","","0","0"
"https://calendly.com/%20%20%20%20%20%20%20%20%20%20%20%20%20%20%20%20%20%20%20%20%20%20%20%20%20%20%20%20%20%20%20%200Redirecttext/html%20%20%20%20%20%20%20%20%20%20%20%20%20%20%20%20%20%20200OK","text/html","404","Not Found","","1.03","","[Origin]","","0","0"
"https://poweradspy.com/%20%20%20%20%20%20%20%20%20%20%20%20%20%20%20%20%20%200Redirectcharset=UTF-8%20%20%20%20%20%20%20%20%20%20%20%20%20%20403Forbidden","text/html; charset=UTF-8","403","Forbidden","5543","0.20","","","","0","0"
"https://developer.android.com/%20%20%20%20%20%20%20%20%20%20%200Redirecttext/html;%20charset=utf-8%20%20%20200OK","text/html; charset=utf-8","404","Not Found","213164","0.55","","[Cookie]","","0","0"
"https://docs.docker.com/%20%20%20%20%20%20%20%20%20%20%20%20%20%20%20%20%200Redirecttext/html%20%20%20%20%20%20%20%20%20%20%20%20%20%20%20%20%20%20200OK","text/html","404","Not Found","671601","0.59","","","","0","0"
"https://techcrunch.com/%20%20%20%20%20%20%20%20%20%20%20%20%20%20%20%20%20%200Redirectcharset=UTF-8%20%20%20%20%20%20%20%20%20%20%20%20%20%20200OK","text/html; charset=UTF-8","404","Not Found","","0.73","","[Accept-Encoding, Origin]","","0","1"
"https://kubernetes.io/docs%20%20%20%20%20%20%20%20%20%20%20%20%20%20%201Redirecttext/plain%20%20%20%20%20%20%20%20%20%20%20%20%20%20%20%20%20301Permanently%20%20%20https://kubernetes.io/docs/home/","text/html; charset=utf-8","404","Not Found","","0.37","","","","0","0"
"https://annas-archive.org/%20%20%20%20%20%20%20%20%20%20%20%20%20%20%200Redirect%20%20%20%20%20%20%20%20%20%20%20%20%20%20%20%20%20%20%20%20%20%20%20%20%20%20%20%20%20%20%20Resolved","","","Name Not Resolved","","","","","","0","0"
"https://hyros.com/%20%20%20%20%20%20%20%20%20%20%20%20%20%20%20%20%20%20%20%20%20%20%200Redirecttext/html%20%20%20%20%20%20%20%20%20%20%20%20%20%20%20%20%20%20200OK","text/html","404","Not Found","243952","0.30","","[Accept-Encoding]","","0","2"
"https://trafficstars.com/%20%20%20%20%20%20%20%20%20%20%20%20%20%20%20%200Redirectcharset=UTF-8%20%20%20%20%20%20%20%20%20%20%20%20%20%20200OK","text/html; charset=UTF-8","404","Not Found","","0.48","","[Accept-Encoding]","","0","0"
"https://propellerads.com/%20%20%20%20%20%20%20%20%20%20%20%20%20%20%20%200Redirectcharset=UTF-8%20%20%20%20%20%20%20%20%20%20%20%20%20%20200OK","text/html; charset=UTF-8","404","Not Found","","0.48","","[Accept-Encoding]","","0","0"
"https://ads.google.com/%20%20%20%20%20%20%20%20%20%20%20%20%20%20%20%20%20%202Chain%20application/binary%20%20%20%20%20%20%20%20%20%20%20302Found%20%20%20%20%20%20%20%20%20https://ads.google.com/intl/en_PT/home/","text/html; charset=utf-8","404","Not Found","","0.32","","[Sec-Fetch-Dest, Sec-Fetch-Mode, Sec-Fetch-Site,Accept-Encoding]","","0","0"
"https://glitch.com/%20%20%20%20%20%20%20%20%20%20%20%20%20%20%20%20%20%20%20%20%20%201Redirect%20%20%20%20%20%20%20%20%20%20%20%20%20%20%20%20%20%20%20%20%20%20%20%20%20%20%20307redirect%20%20%20%20%20%20https://blog.glitch.com/","","307","redirect","0","0.16","","","https://blog.glitch.com/","1","0"
"https://developer.apple.com/%20%20%20%20%20%20%20%20%20%20%20%20%200Redirecttext/html%20%20%20%20%20%20%20%20%20%20%20%20%20%20%20%20%20%20200OK","text/html; charset=UTF-8","404","Not Found","","0.80","","","","0","0"
"https://gobyexample.com/%20%20%20%20%20%20%20%20%20%20%20%20%20%20%20%20%200Redirecttext/html%20%20%20%20%20%20%20%20%20%20%20%20%20%20%20%20%20%20200OK","text/html","404","Not Found","644","0.79","","","","0","0"
"https://keitaro.io/%20%20%20%20%20%20%20%20%20%20%20%20%20%20%20%20%20%20%20%20%20%201Redirecttext/html%20%20%20%20%20%20%20%20%20%20%20%20%20%20%20%20%20%20301Permanently%20%20%20https://keitaro.io/en/","text/html; charset=utf-8","404","Not Found","195149","0.38","","[Accept-Encoding]","","0","2"
"https://newyorker.com/%20%20%20%20%20%20%20%20%20%20%20%20%20%20%20%20%20%20%20%20%20%20%20%20%20%20%20%20%20%20%201Redirecttext/html%20%20%20%20%20%20%20%20%20%20%20%20%20%20%20%20%20%20301Permanently%20%20%20https://www.newyorker.com/","text/html","301","Moved Permanently","162","0.35","","","https://www.newyorker.com/%20%20%20%20%20%20%20%20%20%20%20%20%20%20%20%20%20%20%20%20%20%20%20%20%20%20%20%20%20%20%201Redirecttext/html%20%20%20%20%20%20%20%20%20%20%20%20%20%20%20%20%20%20301Permanently%20%20%20https://www.newyorker.com/","1","0"
"https://smashingmagazine.com/%20%20%20%20%20%20%20%20%20%20%20%201Redirect8%20%20%20%20%20%20%20%20%20%20%20%20%20%20%20%20%20%20%20%20%20%20%20%20%20%20301Permanently%20%20%20https://www.smashingmagazine.com/","text/plain; charset=utf-8","301","Moved Permanently","228","0.31","","","https://www.smashingmagazine.com/%20%20%20%20%20%20%20%20%20%20%20%201Redirect8%20%20%20%20%20%20%20%20%20%20%20%20%20%20%20%20%20%20%20%20%20%20%20%20%20%20301Permanently%20%20%20https://www.smashingmagazine.com/","1","0"
"https://zamzar.com/%20%20%20%20%20%20%20%20%20%20%20%20%20%20%20%20%20%20%20%20%20%20%20%20%20%20%20%20%20%20%20%20%20%201Redirect8859-1%20%20%20%20%20%20%20%20%20%20%20%20%20%20%20%20%20%20%20%20%20301Permanently%20%20%20https://www.zamzar.com/","text/html; charset=iso-8859-1","301","Moved Permanently","457","0.76","","","https://www.zamzar.com/%20%20%20%20%20%20%20%20%20%20%20%20%20%20%20%20%20%20%20%20%20%20%20%20%20%20%20%20%20%20%20%20%20%201Redirect8859-1%20%20%20%20%20%20%20%20%20%20%20%20%20%20%20%20%20%20%20%20%20301Permanently%20%20%20https://www.zamzar.com/","1","0"
"https://tutorialspoint.com/%20%20%20%20%20%20%20%20%20%20%20%20%20%201Redirect8859-1%20%20%20%20%20%20%20%20%20%20%20%20%20%20%20%20%20%20%20%20%20301Permanently%20%20%20https://www.tutorialspoint.com/","text/html; charset=iso-8859-1","301","Moved Permanently","412","0.40","","[Origin]","https://www.tutorialspoint.com/%20%20%20%20%20%20%20%20%20%20%20%20%20%201Redirect8859-1%20%20%20%20%20%20%20%20%20%20%20%20%20%20%20%20%20%20%20%20%20301Permanently%20%20%20https:/www.tutorialspoint.com/","1","0"
"https://doc.rust-lang.org/book%20%20%20%20%20%20%20%20%20%20%202Chain%20text/html;%20charset=utf-8%20%20%20%20%20302Temporarily%20%20%20https://doc.rust-lang.org/doc/stable/book/","text/html","404","Not Found","4384","0.51","","[Accept-Encoding]","","0","0"
"https://redtrack.io/%20%20%20%20%20%20%20%20%20%20%20%20%20%20%20%20%20%20%20%20%201Redirect%20%20%20%20%20%20%20%20%20%20%20%20%20%20%20%20%20%20%20%20%20%20%20%20%20%20%20%20301Permanently%20%20%20%20%20%20%20%20%20https://www.redtrack.io/","","301","Moved Permanently","0","0.24","","","https://www.redtrack.io/%20%20%20%20%20%20%20%20%20%20%20%20%20%20%20%20%20%20%20%20%201Redirect%20%20%20%20%20%20%20%20%20%20%20%20%20%20%20%20%20%20%20%20%20%20%20%20%20%20%20%20301Permanently%20%20%20%20%20%20%20%20%20https://www.redtrack.io/","1","0"
"https://typeform.com/%20%20%20%20%20%20%20%20%20%20%20%20%20%20%20%20%20%20%20%201Redirect%20%20%20%20%20%20%20%20%20%20%20%20%20%20%20%20%20%20%20%20%20%20%20%20%20%20%20301Permanently%20%20%20https://www.typeform.com/","","301","Moved Permanently","0","0.26","","","https://www.typeform.com/%20%20%20%20%20%20%20%20%20%20%20%20%20%20%20%20%20%20%20%201Redirect%20%20%20%20%20%20%20%20%20%20%20%20%20%20%20%20%20%20%20%20%20%20%20%20%20%20%20301Permanently%20%20%20https://www.typeform.com","2","0"
"https://learn.unity.com/%20%20%20%20%20%20%20%20%20%20%20%20%20%20%20%20%200Redirecttext/html;%20charset=utf-8%20%20%20200OK","text/html; charset=utf-8","404","Not Found","","0.66","","","","0","0"
"https://manybooks.net/%20%20%20%20%20%20%20%20%20%20%20%20%20%20%20%20%20%20%200Redirectcharset=UTF-8%20%20%20%20%20%20%20%20%20%20%20%20%20%20%20403Forbidden","text/html; charset=UTF-8","403","Forbidden","","0.17","","","","0","0"
"https://ruby-lang.org/en/documentation%20%20%202Chain%20text/html%20%20%20%20%20%20%20%20%20%20%20%20%20%20%20%20%20%20%20%20301Permanently%20%20%20https://www.ruby-lang.org/en/documentation","text/html","301","Moved Permanently","162","0.27","","[Accept-Encoding]","https://www.ruby-lang.org/en/documentation%20%20%202Chain%20text/html%20%20%20%20%20%20%20%20%20%20%20%20%20%20%20%20%20%20%20%20301Permanently%20%20%20https://www.ruby-lang.org/en/documentation","1","0"
"https://apowersoft.com/free-online-video-converter%20%20%201Redirecttext/html%20%20%20%20%20%20%20%20%20%20%20%20%20%20%20%20%20%20301Permanently%20%20%20https://www.apowersoft.com/free-online-video-converter","text/html","301","Moved Permanently","166","0.59","","","https://www.apowersoft.com/free-online-video-converter%20%20%201Redirecttext/html%20%20%20%20%20%20%20%20%20%20%20%20%20%20%20%20%20%20301Permanently%20%20%20https://www.apowersoft.com/free-online-video-converter","1","0"
"https://monday.com/%20%20%20%20%20%20%20%20%20%20%20%20%20%20%20%20%20%20%20%20%20%20%20%20%20%20%20%20%20%20%20%20%20%200Redirecttext/html;%20charset=utf-8%20%20%20200OK","text/html; charset=utf-8","404","Not Found","","1.53","","[Accept-Encoding]","","0","0"
"https://awesome.re/%20%20%20%20%20%20%20%20%20%20%20%20%20%20%20%20%20%20%20%20%20%201Redirect%20%20%20%20%20%20%20%20%20%20%20%20%20%20%20%20%20%20%20%20%20%20%20%20%20%20%20%20302Found%20%20%20%20%20%20%20%20%20%20%20%20%20%20%20https://github.com/sindresorhus/awesome#readme","text/html; charset=utf-8","404","Not Found","","0.43","","[Accept-Encoding]","","0","0"
"https://instapaper.com/%20%20%20%20%20%20%20%20%20%20%20%20%20%20%20%20%20%200Redirectcharset=UTF-8%20%20%20%20%20%20%20%20%20%20%20%20%20%20200OK","text/html; charset=UTF-8","404","Not Found","970","0.86","","","","0","0"
"https://laravel.com/docs%20%20%20%20%20%20%20%20%20%20%20%20%20%20%20%20%201Redirecttext/html;%20charset=utf-8%20%20%20302Found%20%20%20%20%20%20%20%20%20https://laravel.com/docs/12.x","text/html; charset=utf-8","404","Not Found","","0.61","","[Accept-Encoding]","","0","0"
"https://outbrain.com/%20%20%20%20%20%20%20%20%20%20%20%20%20%20%20%20%20%20%20%201Redirect%20%20%20%20%20%20%20%20%20%20%20%20%20%20%20%20%20%20%20%20%20%20%20%20%20%20%20%20301redirect%20%20%20%20%20%20%20%20%20%20%20%20https://www.outbrain.com/","","301","redirect","0","0.14","","","https://www.outbrain.com/%20%20%20%20%20%20%20%20%20%20%20%20%20%20%20%20%20%20%20%201Redirect%20%20%20%20%20%20%20%20%20%20%20%20%20%20%20%20%20%20%20%20%20%20%20%20%20%20%20%20301redirect%20%20%20%20%20%20%20%20%20%20%20%20https://www.outbrain.com/","1","0"
"https://www.feedbooks.com/publicdomain%20%20%200Redirectcharset=UTF-8%20%20%20%20%20%20%20%20%20%20%20%20%20%20%20403Forbidden","text/html; charset=UTF-8","403","Forbidden","","0.13","","","","0","0"
"https://pdfdrive.com/%20%20%20%20%20%20%20%20%20%20%20%20%20%20%20%20%20%20%20%200Redirect%20%20%20%20%20%20%20%20%20%20%20%20%20%20%20%20%20%20%20%20%20%20%20%20%20%20%20%20%20%20%20%20%20%20Secure%20Failure","","","Secure Failure","","","","","","0","0"
"https://www.europeana.eu/%20%20%20%20%20%20%20%20%20%20%20%20%20%20%20%200Redirectcharset=UTF-8%20%20%20%20%20%20%20%20%20%20%20%20%20%20%20403Forbidden","text/html; charset=UTF-8","403","Forbidden","5579","0.25","","","","0","0"
"https://hilltopads.com/%20%20%20%20%20%20%20%20%20%20%20%20%20%20%20%20%20%200Redirectcharset=UTF-8%20%20%20%20%20%20%20%20%20%20%20%20%20%20%20200OK","text/html; charset=UTF-8","404","Page not found","","0.61","","[Accept-Encoding]","","0","0"
"https://make.com/%20%20%20%20%20%20%20%20%20%20%20%20%20%20%20%20%20%20%20%20%20%20%20%202Chain%20text/html%20%20%20%20%20%20%20%20%20%20%20%20%20%20%20%20%20%20%20%20301Permanently%20%20%20https://www.make.com/","text/html","301","Moved Permanently","","0.31","","","https://www.make.com/%20%20%20%20%20%20%20%20%20%20%20%20%20%20%20%20%20%20%20%20%20%20%20%202Chain%20text/html%20%20%20%20%20%20%20%20%20%20%20%20%20%20%20%20%20%20%20%20301Permanently%20%20%20https:/www.make.com","3","0"
"https://sci-hub.se/%20%20%20%20%20%20%20%20%20%20%20%20%20%20%20%20%20%20%20%20%20%200Redirecttext/html%20%20%20%20%20%20%20%20%20%20%20%20%20%20%20%20%20%20%20451","text/html","451","","545","0.24","","","","0","0"
"https://ahrefs.com/%20%20%20%20%20%20%20%20%20%20%20%20%20%20%20%20%20%20%20%20%20%200Redirectcharset=UTF-8%20%20%20%20%20%20%20%20%20%20%20%20%20%20%20200OK","text/html; charset=UTF-8","404","Not Found","","0.27","","[Accept-Encoding, Accept-Language, Content-Language, X-Client-Version]","","0","0"
"https://quora.com/business/ads%20%20%20%20%20%20%20%20%20%20%201Redirecttext/html%20%20%20%20%20%20%20%20%20%20%20%20%20%20%20%20%20%20%20308Redirect%20%20%20%20%20%20%20%20%20%20%20%20https://www.quora.com/business/ads","text/html","308","Permanent Redirect","164","0.53","","","https://www.quora.com/business/ads%20%20%20%20%20%20%20%20%20%20%201Redirecttext/html%20%20%20%20%20%20%20%20%20%20%20%20%20%20%20%20%20%20%20308Redirect%20%20%20%20%20%20%20%20%20%20%20%20https://www.quora.com/business/ads","1","0"
"https://wikisource.org/%20%20%20%20%20%20%20%20%20%20%20%20%20%20%20%20%20%200Redirecttext/plain%20%20%20%20%20%20%20%20%20%20%20%20%20%20%20%20%20%20403Forbidden","text/plain","403","Forbidden","105","0.28","","","","0","0"
"https://voluum.com/%20%20%20%20%20%20%20%20%20%20%20%20%20%20%20%20%20%20%20%20%20%200Redirectcharset=UTF-8%20%20%20%20%20%20%20%20%20%20%20%20%20%20%20200OK","text/html; charset=UTF-8","404","Not Found","","0.63","","[Accept-Encoding]","","0","1"
"https://classicreader.com/%20%20%20%20%20%20%20%20%20%20%20%20%20%20%200Redirect%20%20%20%20%20%20%20%20%20%20%20%20%20%20%20%20%20%20%20%20%20%20%20%20%20%20%20%20%20%20%20%20%20%20Secure%20Failure","","","Secure Failure","","","","","","0","0"
"https://adsterra.com/%20%20%20%20%20%20%20%20%20%20%20%20%20%20%20%20%20%20%20%200Redirecttext/html%20%20%20%20%20%20%20%20%20%20%20%20%20%20%20%20%20%20%20200OK","text/html","301","Moved Permanently, Redirect Loop","169","0.57","[all]","","https://adsterra.com/%20%20%20%20%20%20%20%20%20%20%20%20%20%20%20%20%20%20%20%200Redirecttext/html%20%20%20%20%20%20%20%20%20%20%20%20%20%20%20%20%20%20%20200OK","1","0"
"https://ads.reddit.com/%20%20%20%20%20%20%20%20%20%20%20%20%20%20%20%20%20%202Chain%20text/html;%20charset=utf-8%20%20%20%20%20%20302Found%20%20%20%20%20%20%20%20%20%20%20%20%20%20%20https://business.reddit.com/","text/plain; charset=utf-8","404","Not Found","9","0.48","","","","0","0"
"https://semrush.com/%20%20%20%20%20%20%20%20%20%20%20%20%20%20%20%20%20%20%20%20%201Redirecttext/html%20%20%20%20%20%20%20%20%20%20%20%20%20%20%20%20%20%20%20301Permanently%20%20%20%20%20%20%20%20%20https://www.semrush.com/","text/html","301","Moved Permanently","162","0.31","","","https://www.semrush.com/%20%20%20%20%20%20%20%20%20%20%20%20%20%20%20%20%20%20%20%20%201Redirecttext/html%20%20%20%20%20%20%20%20%20%20%20%20%20%20%20%20%20%20%20301Permanently%20%20%20%20%20%20%20%20%20https:/www.semrush.com/","1","0"
"https://bemob.com/%20%20%20%20%20%20%20%20%20%20%20%20%20%20%20%20%20%20%20%20%20%20%200Redirectcharset=UTF-8%20%20%20%20%20%20%20%20%20%20%20%20%20%20%20200OK","text/html; charset=UTF-8","404","Not Found","","0.62","","","","0","0"
"https://coursera.org/%20%20%20%20%20%20%20%20%20%20%20%20%20%20%20%20%20%20%20%201Redirect%20%20%20%20%20%20%20%20%20%20%20%20%20%20%20%20%20%20%20%20%20%20%20%20%20%20%20%20301Permanently%20%20%20%20%20%20%20%20%20https://www.coursera.org/","","301","Moved Permanently","0","0.60","","","https://www.coursera.org/%20%20%20%20%20%20%20%20%20%20%20%20%20%20%20%20%20%20%20%201Redirect%20%20%20%20%20%20%20%20%20%20%20%20%20%20%20%20%20%20%20%20%20%20%20%20%20%20%20%20301Permanently%20%20%20%20%20%20%20%20%20https://www.coursera.org/","1","0"
"https://forbusiness.snapchat.com/%20%20%20%20%20%20%20%200Redirecttext/html;%20charset=utf-8%20%20%20200OK","text/plain; charset=utf-8","302","Found","96","0.37","","[Accept, Accept-Encoding]","https://forbusiness.snapchat.com/404","2","0"
"https://rescuetime.com/%20%20%20%20%20%20%20%20%20%20%20%20%20%20%20%20%20%201Redirecttext/html%20%20%20%20%20%20%20%20%20%20%20%20%20%20%20%20%20%20301Permanently%20%20%20https://www.rescuetime.com/","text/html","301","Moved Permanently","169","0.69","","","https://www.rescuetime.com/%20%20%20%20%20%20%20%20%20%20%20%20%20%20%20%20%20%201Redirecttext/html%20%20%20%20%20%20%20%20%20%20%20%20%20%20%20%20%20%20301Permanently%20%20%20https://www.rescuetime.com/","1","0"
"https://aconvert.com/%20%20%20%20%20%20%20%20%20%20%20%20%20%20%20%20%20%20%20%20%20%20%20%20%20%20%20%20%20%20%20%201Redirect8859-1%20%20%20%20%20%20%20%20%20%20%20%20%20%20%20%20%20%20%20%20%20301Permanently%20%20%20https://www.aconvert.com/","text/html; charset=iso-8859-1","301","Moved Permanently","454","0.84","","","https://www.aconvert.com/missing.html","2","0"
"https://books.google.com/%20%20%20%20%20%20%20%20%20%20%20%20%20%20%20%200Redirectcharset=UTF-8%20%20%20%20%20%20%20%20%20%20%20%20%20%20%20200OK","text/html; charset=UTF-8","404","Not Found","1681","0.25","","","","0","0"
"https://wikibooks.org/%20%20%20%20%20%20%20%20%20%20%20%20%20%20%20%20%20%20%200Redirecttext/plain%20%20%20%20%20%20%20%20%20%20%20%20%20%20%20%20%20%20403Forbidden","text/plain","403","Forbidden","105","0.33","","","","0","0"
"https://klaviyo.com/%20%20%20%20%20%20%20%20%20%20%20%20%20%20%20%20%20%20%20%20%201Redirect%20%20%20%20%20%20%20%20%20%20%20%20%20%20%20%20%20%20%20%20%20%20%20%20%20%20%20%20301Permanently%20%20%20%20%20%20%20%20%20https://www.klaviyo.com/","","301","Moved Permanently","0","0.44","","","https://www.klaviyo.com/%20%20%20%20%20%20%20%20%20%20%20%20%20%20%20%20%20%20%20%20%201Redirect%20%20%20%20%20%20%20%20%20%20%20%20%20%20%20%20%20%20%20%20%20%20%20%20%20%20%20%20301Permanently%20%20%20%20%20%20%20%20%20https://www.klaviyo.com/","1","0"
"https://php.net/%20%20%20%20%20%20%20%20%20%20%20%20%20%20%20%20%20%20%20%20%20%20%20%20%201Redirecttext/html%20%20%20%20%20%20%20%20%20%20%20%20%20%20%20%20%20%20301Permanently%20%20%20https://www.php.net/","text/html","301","Moved Permanently","161","0.37","","","https://www.php.net/manual-lookup.php?pattern=+++++++++++++++++++++++++1Redirecttext%2Fhtml++++++++++++++++++301Permanently+++https%3A%2Fwww.php.net%2F&lang=en&scope=404quickref","3","0"
"https://instapage.com/%20%20%20%20%20%20%20%20%20%20%20%20%20%20%20%20%20%20%200Redirecttext/html%20%20%20%20%20%20%20%20%20%20%20%20%20%20%20%20%20%20%20200OK","text/html","302","Found","154","0.55","","","https://instapage.com/lp","1","0"
"https://gallica.bnf.fr/%20%20%20%20%20%20%20%20%20%20%20%20%20%20%20%20%20%201Redirect%20%20%20%20%20%20%20%20%20%20%20%20%20%20%20%20%20%20%20%20%20%20%20%20%20%20%20%20302%20%20%20%20%20%20%20%20%20%20%20%20%20%20%20%20302https://gallica.bnf.fr/accueil/fr/html/accueil-fr","text/html;charset=utf-8","404","404","958","0.29","","[Accept-Encoding,User-Agent]","","0","0"
"https://novelupdates.com/%20%20%20%20%20%20%20%20%20%20%20%20%20%20%20%200Redirectcharset=UTF-8%20%20%20%20%20%20%20%20%20%20%20%20%20%20%20403Forbidden","text/html; charset=UTF-8","403","Forbidden","","0.18","","","","0","0"
"https://scribblehub.com/%20%20%20%20%20%20%20%20%20%20%20%20%20%20%20%20%200Redirectcharset=UTF-8%20%20%20%20%20%20%20%20%20%20%20%20%20%20%20403Forbidden","text/html; charset=UTF-8","403","Forbidden","","0.16","","","","0","0"
"https://moat.com/%20%20%20%20%20%20%20%20%20%20%20%20%20%20%20%20%20%20%20%20%20%20%20%200Redirecttext/html%20%20%20%20%20%20%20%20%20%20%20%20%20%20%20%20%20%20%20400Bad%20Request","text/html","400","Bad Request","312","0.63","","","","0","0"
"https://mailchimp.com/%20%20%20%20%20%20%20%20%20%20%20%20%20%20%20%20%20%20%201Redirectcharset=UTF-8%20%20%20%20%20%20%20%20%20%20%20%20%20%20%20302Temporarily%20%20%20%20%20%20%20%20%20https://mailchimp.com/pt-br/","text/html; charset=UTF-8","404","Not Found","1929","0.46","","","","0","0"
"https://binom.org/%20%20%20%20%20%20%20%20%20%20%20%20%20%20%20%20%20%20%20%20%20%20%200Redirectcharset=UTF-8%20%20%20%20%20%20%20%20%20%20%20%20%20%20%20200OK","text/html; charset=iso-8859-1","404","Not Found","196","0.67","","","","0","0"
"https://smackjeevesarchive.com/%20%20%20%20%20%20%20%20%20%20%20%20%20%20%20%20%20%20%20%20%20%20%20%20%20%20%20%20%20%20%20%20%200Redirect%20%20%20%20%20%20%20%20%20%20%20%20%20%20%20%20%20%20%20%20%20%20%20%20%20%20%20%20%20%20Resolved","","","Name Not Resolved","","","","","","0","0"
"https://webnovel.com/%20%20%20%20%20%20%20%20%20%20%20%20%20%20%20%20%20%20%20%200Redirectcharset=UTF-8%20%20%20%20%20%20%20%20%20%20%20%20%20%20%20403Forbidden","text/html; charset=UTF-8","403","Forbidden","7172","0.18","","","","0","0"
"https://inkitt.com/%20%20%20%20%20%20%20%20%20%20%20%20%20%20%20%20%20%20%20%20%20%200Redirectcharset=UTF-8%20%20%20%20%20%20%20%20%20%20%20%20%20%20%20403Forbidden","text/html; charset=UTF-8","403","Forbidden","","0.15","","","","0","0"
"https://whatrunswhere.com/%20%20%20%20%20%20%20%20%20%20%20%20%20%20%200Redirect8%20%20%20%20%20%20%20%20%20%20%20%20%20%20%20%20%20%20%20%20%20%20%20%20%20%20%20503Unavailable","text/plain; charset=utf-8","503","Service Temporarily Unavailable","0","0.59","","","","0","0"
"https://filezigzag.com/%20%20%20%20%20%20%20%20%20%20%20%20%20%20%20%20%20%20%20%20%20%20%20%20%20%20%20%20%20%201Redirect8859-1%20%20%20%20%20%20%20%20%20%20%20%20%20%20%20%20%20%20%20%20%20301Permanently%20%20%20https://www.filezigzag.com/","text/html; charset=iso-8859-1","301","Moved Permanently","517","1.06","","","https://www.filezigzag.com/%20%20%20%20%20%20%20%20%20%20%20%20%20%20%20%20%20%20%20%20%20%20%20%20%20%20%20%20%20%201Redirect8859-1%20%20%20%20%20%20%20%20%20%20%20%20%20%20%20%20%20%20%20%20%20301Permanently%20%20%20https:/www.filezigzag.com/","1","0"
"https://cpvlab.pro/%20%20%20%20%20%20%20%20%20%20%20%20%20%20%20%20%20%20%20%20%20%200Redirectcharset=UTF-8%20%20%20%20%20%20%20%20%20%20%20%20%20%20%20200OK","text/html","404","Not Found","796","0.71","","","","0","0"
"https://jotform.com/%20%20%20%20%20%20%20%20%20%20%20%20%20%20%20%20%20%20%20%20%201Redirecttext/html%20%20%20%20%20%20%20%20%20%20%20%20%20%20%20%20%20%20%20301Permanently%20%20%20%20%20%20%20%20%20https://www.jotform.com/","text/html","301","Moved Permanently","162","0.37","","","https://www.jotform.com/%20%20%20%20%20%20%20%20%20%20%20%20%20%20%20%20%20%20%20%20%201Redirecttext/html%20%20%20%20%20%20%20%20%20%20%20%20%20%20%20%20%20%20%20301Permanently%20%20%20%20%20%20%20%20%20https:/www.jotform.com/","1","0"
"https://sitepoint.com/%20%20%20%20%20%20%20%20%20%20%20%20%20%20%20%20%20%20%201Redirect%20%20%20%20%20%20%20%20%20%20%20%20%20%20%20%20%20%20%20%20%20%20%20%20%20%20%20%20301Permanently%20%20%20%20%20%20%20%20%20https://www.sitepoint.com/","","301","Moved Permanently","0","0.88","","","https://www.sitepoint.com/%20%20%20%20%20%20%20%20%20%20%20%20%20%20%20%20%20%20%201Redirect%20%20%20%20%20%20%20%20%20%20%20%20%20%20%20%20%20%20%20%20%20%20%20%20%20%20%20%20301Permanently%20%20%20%20%20%20%20%20%20https://www.sitepoint.com/","1","0"
"https://neovel.io/%20%20%20%20%20%20%20%20%20%20%20%20%20%20%20%20%20%20%20%20%20%20%200Redirecttext/html%20%20%20%20%20%20%20%20%20%20%20%20%20%20%20%20%20%20%20403Forbidden","text/html","403","Forbidden","919","0.20","","","","0","0"
"https://vocal.media/%20%20%20%20%20%20%20%20%20%20%20%20%20%20%20%20%20%20%20%20%200Redirecttext/html;%20charset=utf-8%20%20%20200OK","text/html; charset=utf-8","404","Not Found","","1.35","","[Accept-Encoding]","","0","0"
"https://hathitrust.org/%20%20%20%20%20%20%20%20%20%20%20%20%20%20%20%20%20%201Redirect%20%20%20%20%20%20%20%20%20%20%20%20%20%20%20%20%20%20%20%20%20%20%20%20%20%20%20%20301Permanently%20%20%20%20%20%20%20%20%20https://www.hathitrust.org/","","301","Moved Permanently","0","0.15","","","https://www.hathitrust.org/%20%20%20%20%20%20%20%20%20%20%20%20%20%20%20%20%20%201Redirect%20%20%20%20%20%20%20%20%20%20%20%20%20%20%20%20%20%20%20%20%20%20%20%20%20%20%20%20301Permanently%20%20%20%20%20%20%20%20%20https:/www.hathitrust.org/","1","0"
"https://webp.to/%20%20%20%20%20%20%20%20%20%20%20%20%20%20%20%20%20%20%20%20%20%20%20%20%20%20%20%20%20%20%20%20%20%20%20%20%201Redirecttext/html%20%20%20%20%20%20%20%20%20%20%20%20%20%20%20%20%20%20301Permanently%20%20%20https://www.webp.to/","text/html","301","Moved Permanently","162","0.79","","","https://www.webp.to/%20%20%20%20%20%20%20%20%20%20%20%20%20%20%20%20%20%20%20%20%20%20%20%20%20%20%20%20%20%20%20%20%20%20%20%20%201Redirecttext/html%20%20%20%20%20%20%20%20%20%20%20%20%20%20%20%20%20%20301Permanently%20%20%20https://www.webp.to/","1","0"
"https://gutenberg.org/%20%20%20%20%20%20%20%20%20%20%20%20%20%20%20%20%20%20%200Redirecttext/html%20%20%20%20%20%20%20%20%20%20%20%20%20%20%20%20%20%20%20200OK","text/html","404","Not Found","6337","0.51","","","","0","0"
"https://unbounce.com/%20%20%20%20%20%20%20%20%20%20%20%20%20%20%20%20%20%20%20%200Redirectcharset=UTF-8%20%20%20%20%20%20%20%20%20%20%20%20%20%20%20200OK","text/html","301","Moved Permanently","162","0.51","","","https://unbounce.com/%20%20%20%20%20%20%20%20%20%20%20%20%20%20%20%20%20%20%20%200Redirectcharset=UTF-8%20%20%20%20%20%20%20%20%20%20%20%20%20%20%20200OK/","1","0"
"https://obooko.com/%20%20%20%20%20%20%20%20%20%20%20%20%20%20%20%20%20%20%20%20%20%20%20%20%20%20%20%20%20%20%20%20%20%20%20%20%20%20%20%20%20%20%20%20%200Redirectcharset=UTF-8%20%20%20%20%20%20%20%20%20%20%20%20%20%20403Forbidden","text/html; charset=UTF-8","403","Forbidden","4544","0.17","","","","0","0"
"https://sync.com/%20%20%20%20%20%20%20%20%20%20%20%20%20%20%20%20%20%20%20%20%20%20%20%20%20%20%20%20%20%20%20%20%20%20%20%201Redirect%20%20%20%20%20%20%20%20%20%20%20%20%20%20%20%20%20%20%20%20%20%20%20%20%20%20%20301Permanently%20%20%20https://www.sync.com/","","301","Moved Permanently","0","0.84","","","https://www.sync.com/%20%20%20%20%20%20%20%20%20%20%20%20%20%20%20%20%20%20%20%20%20%20%20%20%20%20%20%20%20%20%20%20%20%20%20%201Redirect%20%20%20%20%20%20%20%20%20%20%20%20%20%20%20%20%20%20%20%20%20%20%20%20%20%20%20301Permanently%20%20%20https:/www.sync.com/","1","0"
"https://z-lib.org/%20%20%20%20%20%20%20%20%20%20%20%20%20%20%20%20%20%20%20%20%20%20%200Redirecttext/html%20%20%20%20%20%20%20%20%20%20%20%20%20%20%20%20%20%20%20403Forbidden","text/html","403","Forbidden","118","0.51","","","","0","0"
"https://linkedin.com/ads%20%20%20%20%20%20%20%20%20%20%20%20%20%20%20%20%203Chain%20%20%20%20%20%20%20%20%20%20%20%20%20%20%20%20%20%20%20%20%20%20%20%20%20%20%20%20%20%20%20301Permanently%20%20%20%20%20%20%20%20%20https://www.linkedin.com/ads","","301","Moved Permanently","0","0.28","","","https://www.linkedin.com/campaignmanager","2","0"
"https://pluralsight.com/%20%20%20%20%20%20%20%20%20%20%20%20%20%20%20%20%201Redirecttext/html%20%20%20%20%20%20%20%20%20%20%20%20%20%20%20%20%20%20%20301Permanently%20%20%20%20%20%20%20%20%20https://www.pluralsight.com/","text/html","301","Moved Permanently","","0.45","","","https://www.pluralsight.com/%20%20%20%20%20%20%20%20%20%20%20%20%20%20%20%20%201Redirecttext/html%20%20%20%20%20%20%20%20%20%20%20%20%20%20%20%20%20%20%20301Permanently%20%20%20%20%20%20%20%20%20https:/www.pluralsight.com","2","0"
"https://adspy.com/%20%20%20%20%20%20%20%20%20%20%20%20%20%20%20%20%20%20%20%20%20%20%201Redirect%20%20%20%20%20%20%20%20%20%20%20%20%20%20%20%20%20%20%20%20%20%20%20%20%20%20%20%20301Permanently%20%20%20%20%20%20%20%20%20https://www.adspy.com/","","301","Moved Permanently","0","0.20","","","https://www.adspy.com/404.aspx","3","0"
"https://booknet.com/%20%20%20%20%20%20%20%20%20%20%20%20%20%20%20%20%20%20%20%20%200Redirectcharset=UTF-8%20%20%20%20%20%20%20%20%20%20%20%20%20%20%20200OK","text/html; charset=UTF-8","404","Not Found","","0.37","","","","0","0"
"https://allinpdf.com/%20%20%20%20%20%20%20%20%20%20%20%20%20%20%20%20%20%20%20%20%20%20%20%20%20%20%20%20%20%20%20%200Redirecttext/html;%20charset=utf-8%20%20%20200OK","text/html; charset=utf-8","302","Found","","1.34","","","https://allinpdf.com/info/exception-display?infoindex=404","1","0"
"https://bookboon.com/%20%20%20%20%20%20%20%20%20%20%20%20%20%20%20%20%20%20%20%200Redirectcharset=UTF-8%20%20%20%20%20%20%20%20%20%20%20%20%20%20%20200OK","text/html; charset=UTF-8","404","Not Found","","0.49","","[Accept, Accept-Encoding]","","0","0"
"https://adroll.com/%20%20%20%20%20%20%20%20%20%20%20%20%20%20%20%20%20%20%20%20%20%201Redirect%20%20%20%20%20%20%20%20%20%20%20%20%20%20%20%20%20%20%20%20%20%20%20%20%20%20%20%20301Permanently%20%20%20%20%20%20%20%20%20https://www.adroll.com/","","301","Moved Permanently","0","0.14","","","https://www.adroll.com/%20%20%20%20%20%20%20%20%20%20%20%20%20%20%20%20%20%20%20%20%20%201Redirect%20%20%20%20%20%20%20%20%20%20%20%20%20%20%20%20%20%20%20%20%20%20%20%20%20%20%20%20301Permanently%20%20%20%20%20%20%20%20%20https:","2","0"
"https://nautil.us/%20%20%20%20%20%20%20%20%20%20%20%20%20%20%20%20%20%20%20%20%20%20%200Redirecttext/html;%20charset=utf-8%20%20%20%20200OK","text/html; charset=utf-8","404","Not Found","5740","1.26","","[Accept-Encoding, rsc, next-router-state-tree, next-router-prefetch, next-router-segment-prefetch]","","0","0"
"https://activecampaign.com/%20%20%20%20%20%20%20%20%20%20%20%20%20%201Redirecttext/html%20%20%20%20%20%20%20%20%20%20%20%20%20%20%20%20%20%20%20301Permanently%20%20%20%20%20%20%20%20%20https://www.activecampaign.com/","text/html","301","Moved Permanently","167","0.14","","","https://www.activecampaign.com/%20%20%20%20%20%20%20%20%20%20%20%20%20%201Redirecttext/html%20%20%20%20%20%20%20%20%20%20%20%20%20%20%20%20%20%20%20301Permanently%20%20%20%20%20%20%20%20%20https:/www.activecampaign.com","2","0"
"https://standardebooks.org/%20%20%20%20%20%20%20%20%20%20%20%20%20%200%20%20%20%20%20%20%20%20%20%20%20%20%20%20%20%20%20%20%20%20%20%20%20%20%20%20%20%20%20%20%20%20%20%20%20%20200OK","application/xhtml+xml; charset=utf-8","404","Not Found","","0.59","","","","0","0"
"https://clickfunnels.com/%20%20%20%20%20%20%20%20%20%20%20%20%20%20%20%201Redirecttext/html%20%20%20%20%20%20%20%20%20%20%20%20%20%20%20%20%20%20%20301Permanently%20%20%20%20%20%20%20%20%20https://www.clickfunnels.com/","text/html","301","Moved Permanently","","0.39","","[Accept-Encoding]","https://www.clickfunnels.com/%20%20%20%20%20%20%20%20%20%20%20%20%20%20%20%201Redirecttext/html%20%20%20%20%20%20%20%20%20%20%20%20%20%20%20%20%20%20%20301Permanently%20%20%20%20%20%20%20%20%20https:/www.clickfunnels.com/","1","0"
"https://frontendmasters.com/%20%20%20%20%20%20%20%20%20%20%20%20%200Redirecttext/html%20%20%20%20%20%20%20%20%20%20%20%20%20%20%20%20%20%20200OK","text/html","301","Moved Permanently","169","0.95","","","https://frontendmasters.com/%20%20%20%20%20%20%20%20%20%20%20%20%200Redirecttext/html%20%20%20%20%20%20%20%20%20%20%20%20%20%20%20%20%20%20200OK/","2","0"
"https://mgid.com/%20%20%20%20%20%20%20%20%20%20%20%20%20%20%20%20%20%20%20%20%20%20%20%201Redirecttext/html%20%20%20%20%20%20%20%20%20%20%20%20%20%20%20%20%20%20%20301Permanently%20%20%20%20%20%20%20%20%20https://www.mgid.com/","text/html","301","Moved Permanently","162","0.58","","","https://www.mgid.com/%20%20%20%20%20%20%20%20%20%20%20%20%20%20%20%20%20%20%20%20%20%20%20%201Redirecttext/html%20%20%20%20%20%20%20%20%20%20%20%20%20%20%20%20%20%20%20301Permanently%20%20%20%20%20%20%20%20%20https:/www.mgid.com","2","0"
"https://taboola.com/%20%20%20%20%20%20%20%20%20%20%20%20%20%20%20%20%20%20%20%20%201Redirect%20%20%20%20%20%20%20%20%20%20%20%20%20%20%20%20%20%20%20%20%20%20%20%20%20%20%20301Permanently%20%20%20https://www.taboola.com/","","301","Moved Permanently","0","0.18","","","https://www.taboola.com/page-not-found/?ref=%2F%2520%2520%2520%2520%2520%2520%2520%2520%2520%2520%2520%2520%2520%2520%2520%2520%2520%2520%2520%2520%25201Redirect%2520%2520%2520%2520%2520%2520%2520%2520%2520%2520%2520%2520%2520%2520%2520%2520%2520%2520%2520%2520%2520%2520%2520%2520%2520%2520%2520301Permanently%2520%2520%2520https%3A%2Fwww.taboola.com%2F","3","0"
"https://improvely.com/%20%20%20%20%20%20%20%20%20%20%20%20%20%20%20%20%20%20%201Redirectcharset=UTF-8%20%20%20%20%20%20%20%20%20%20%20%20%20%20%20301Permanently%20%20%20%20%20%20%20%20%20https://www.improvely.com/","text/html; charset=UTF-8","301","Moved Permanently","","0.56","","","https://www.improvely.com/%20%20%20%20%20%20%20%20%20%20%20%20%20%20%20%20%20%20%201Redirectcharset=UTF-8%20%20%20%20%20%20%20%20%20%20%20%20%20%20%20301Permanently%20%20%20%20%20%20%20%20%20https://www.improvely.com/","1","0"
"https://wickedreports.com/%20%20%20%20%20%20%20%20%20%20%20%20%20%20%201Redirect%20%20%20%20%20%20%20%20%20%20%20%20%20%20%20%20%20%20%20%20%20%20%20%20%20%20%20%20301Permanently%20%20%20%20%20%20%20%20%20https://www.wickedreports.com/","","301","Moved Permanently","0","0.25","","","https://www.wickedreports.com/%20%20%20%20%20%20%20%20%20%20%20%20%20%20%201Redirect%20%20%20%20%20%20%20%20%20%20%20%20%20%20%20%20%20%20%20%20%20%20%20%20%20%20%20%20301Permanently%20%20%20%20%20%20%20%20%20https://www.wickedreports.com/","1","0"
"https://leadpages.com/%20%20%20%20%20%20%20%20%20%20%20%20%20%20%20%20%20%20%201Redirecttext/plain%20%20%20%20%20%20%20%20%20%20%20%20%20%20%20%20%20%20308Redirect%20%20%20%20%20%20%20%20%20%20%20%20https://www.leadpages.com/","text/plain","308","Permanent Redirect","","0.30","","","https://www.leadpages.com/%20%20%20%20%20%20%20%20%20%20%20%20%20%20%20%20%20%20%201Redirecttext/plain%20%20%20%20%20%20%20%20%20%20%20%20%20%20%20%20%20%20308Redirect%20%20%20%20%20%20%20%20%20%20%20%20https:/www.leadpages.com","3","0"
"https://ads.microsoft.com/%20%20%20%20%20%20%20%20%20%20%20%20%20%20%200Redirecttext/html;%20charset=utf-8%20%20%20%20200OK","text/html; charset=utf-8","302","Found","","0.87","","","https://ads.microsoft.com/Error/PageNotFound?aspxerrorpath=%2f+++++++++++++++0Redirecttext%2fhtml%3b+charset%3dutf-8++++200OK&p=false&h=2bfpd","1","0"
"https://criteo.com/%20%20%20%20%20%20%20%20%20%20%20%20%20%20%20%20%20%20%20%20%20%201Redirectcharset=UTF-8%20%20%20%20%20%20%20%20%20%20%20%20%20%20301Permanently%20%20%20https://www.criteo.com/","text/html; charset=UTF-8","301","Moved Permanently","0","0.31","","[Cookie, Cookie]","https://www.criteo.com/%20%20%20%20%20%20%20%20%20%20%20%20%20%20%20%20%20%20%20%20%20%201redirectcharset=utf-8%20%20%20%20%20%20%20%20%20%20%20%20%20%20301permanently%20%20%20https:/www.criteo.com/","3","0"
"https://hootsuite.com/%20%20%20%20%20%20%20%20%20%20%20%20%20%20%20%20%20%20%201Redirect%20%20%20%20%20%20%20%20%20%20%20%20%20%20%20%20%20%20%20%20%20%20%20%20%20%20%20301Permanently%20%20%20https://www.hootsuite.com/","text/html","301","Moved Permanently","162","0.27","","[Accept-Encoding],[Origin]","https://www.hootsuite.com/                   1redirect                           301permanently   https:/www.hootsuite.com","3","0"
"https://sendinblue.com/%20%20%20%20%20%20%20%20%20%20%20%20%20%20%20%20%20%202Chain%20text/html%20%20%20%20%20%20%20%20%20%20%20%20%20%20%20%20%20%20%20%20%20301Permanently%20%20%20%20%20%20%20%20%20https://www.sendinblue.com/","text/html","301","Moved Permanently","162","0.38","","","https://www.brevo.com/%20%20%20%20%20%20%20%20%20%20%20%20%20%20%20%20%20%202Chain%20text/html%20%20%20%20%20%20%20%20%20%20%20%20%20%20%20%20%20%20%20%20%20301Permanently%20%20%20%20%20%20%20%20%20https:/www.sendinblue.com","3","0"
"https://revcontent.com/%20%20%20%20%20%20%20%20%20%20%20%20%20%20%20%20%20%201Redirecttext/html%20%20%20%20%20%20%20%20%20%20%20%20%20%20%20%20%20%20%20301Permanently%20%20%20%20%20%20%20%20%20https://www.revcontent.com/","text/html","301","Moved Permanently","134","0.64","","","https://www.revcontent.com/%20%20%20%20%20%20%20%20%20%20%20%20%20%20%20%20%20%201Redirecttext/html%20%20%20%20%20%20%20%20%20%20%20%20%20%20%20%20%20%20%20301Permanently%20%20%20%20%20%20%20%20%20https://www.revcontent.com/","1","0"
"https://hubspot.com/%20%20%20%20%20%20%20%20%20%20%20%20%20%20%20%20%20%20%20%20%201Redirecttext/html%20%20%20%20%20%20%20%20%20%20%20%20%20%20%20%20%20%20%20301Permanently%20%20%20%20%20%20%20%20%20https://www.hubspot.com/","text/html","301","Moved Permanently","167","0.14","","","https://www.hubspot.com/%20%20%20%20%20%20%20%20%20%20%20%20%20%20%20%20%20%20%20%20%201Redirecttext/html%20%20%20%20%20%20%20%20%20%20%20%20%20%20%20%20%20%20%20301Permanently%20%20%20%20%20%20%20%20%20https:/www.hubspot.com/","1","0"
"https://www.planetebook.com/%20%20%20%20%20%20%20%20%20%20%20%20%200Redirectcharset=UTF-8%20%20%20%20%20%20%20%20%20%20%20%20%20%20%20200OK","text/html; charset=UTF-8","404","Not Found","","1.68","","[Accept-Encoding],[Cookie]","","0","1"
"https://figma.com/%20%20%20%20%20%20%20%20%20%20%20%20%20%20%20%20%20%20%20%20%20%20%201Redirect%20%20%20%20%20%20%20%20%20%20%20%20%20%20%20%20%20%20%20%20%20%20%20%20%20%20%20301Permanently%20%20%20https://www.figma.com/","","301","Moved Permanently","0","0.38","","[Accept-Encoding]","https://www.figma.com/%20%20%20%20%20%20%20%20%20%20%20%20%20%20%20%20%20%20%20%20%20%20%201Redirect%20%20%20%20%20%20%20%20%20%20%20%20%20%20%20%20%20%20%20%20%20%20%20%20%20%20%20301Permanently%20%20%20https:/www.figma.com","3","0"
"https://ebooks-bnr.com/%20%20%20%20%20%20%20%20%20%20%20%20%20%20%20%20%20%20%20%20%20%20%20%20%20%20%20%20%20%20%20%20%20%20%20%20%20%20%20%20%200Redirecttext/html;%20charset=utf-8%20%20%20200OK","text/html; charset=UTF-8","404","Not Found","","2.47","","[Accept-Encoding]","","0","1"
"https://mediumish.com/%20%20%20%20%20%20%20%20%20%20%20%20%20%20%20%20%20%20%20%20%20%20%20%20%20%20%20%20%20%20%20%20%20%20%20%20%20%20%20%20%20%200Redirect%20%20%20%20%20%20%20%20%20%20%20%20%20%20%20%20%20%20%20%20%20%20%20%20%20%20%20%20%20%20Cannot%20Connect","","","Cannot Connect","","","","","","0","0"
"https://archive.org/details/texts%20%20%20%20%20%20%20%20%20%20%20%20%20%20%20%20%20%20%20%20%20%20%20%20%20%20%20%20%20%20%200Redirectcharset=UTF-8%20%20%20%20%20%20%20%20%20%20%20%20%20%20200OK","text/html; charset=UTF-8","404","Not Found","","3.28","","","","0","0"
"https://archiveofourown.org/%20%20%20%20%20%20%20%20%20%20%20%20%200Redirecttext/html;%20charset=utf-8%20%20%20%20200OK","text/html; charset=utf-8","404","Not Found","","4.85","","[accept-encoding]","","0","13"
"https://mipdf.com/%20%20%20%20%20%20%20%20%20%20%20%20%20%20%20%20%20%20%20%20%20%20%20%20%20%20%20%20%20%20%20%20%20%20%200Redirecttext/html%20%20%20%20%20%20%20%20%20%20%20%20%20%20%20%20%20%20403Forbidden","","","Timeout","","","","","","0","0"
